발생연도,성별,국제질병분류,암종,발생자수,조발생률,연령표준화발생률
1999,남녀전체,C00-C96,모든암,"101,847 ",215.9 ,221.7 
1999,남녀전체,C00-C14,"입술, 구강 및 인두","1,739 ",3.7 ,3.8 
1999,남녀전체,C15,식도,"1,861 ",3.9 ,4.1 
1999,남녀전체,C16,위,"20,902 ",44.3 ,45.6 
1999,남녀전체,C18-C20,대장,"9,779 ",20.7 ,21.3 
1999,남녀전체,C22,간,"13,262 ",28.1 ,28.9 
1999,남녀전체,C23-C24,담낭 및 기타담도,"3,047 ",6.5 ,6.7 
1999,남녀전체,C25,췌장,"2,612 ",5.5 ,5.7 
1999,남녀전체,C32,후두,"1,101 ",2.3 ,2.4 
1999,남녀전체,C33-C34,폐,"13,229 ",28.0 ,28.9 
1999,남녀전체,C50,유방,"5,880 ",12.5 ,12.8 
1999,남녀전체,C53,자궁경부,"4,489 ",9.5 ,9.7 
1999,남녀전체,C54,자궁체부,727 ,1.5 ,1.6 
1999,남녀전체,C56,난소,"1,353 ",2.9 ,2.9 
1999,남녀전체,C61,전립선,"1,455 ",3.1 ,3.2 
1999,남녀전체,C62,고환,129 ,0.3 ,0.3 
1999,남녀전체,C64,신장,"1,421 ",3.0 ,3.1 
1999,남녀전체,C67,방광,"2,195 ",4.7 ,4.8 
1999,남녀전체,C70-C72,뇌 및 중추신경계,"1,358 ",2.9 ,2.9 
1999,남녀전체,C73,갑상선,"3,407 ",7.2 ,7.3 
1999,남녀전체,C81,호지킨림프종,123 ,0.3 ,0.3 
1999,남녀전체,"C82-C86,C96",비호지킨림프종,"2,104 ",4.5 ,4.5 
1999,남녀전체,C90,다발성 골수종,468 ,1.0 ,1.0 
1999,남녀전체,C91-C95,백혈병,"2,124 ",4.5 ,4.5 
1999,남녀전체,Re.C00-C96,기타 암,"7,082 ",15.0 ,15.4 
1999,남자,C00-C96,모든암,"57,888 ",244.5 ,293.1 
1999,남자,C00-C14,"입술, 구강 및 인두","1,306 ",5.5 ,6.4 
1999,남자,C15,식도,"1,705 ",7.2 ,8.8 
1999,남자,C16,위,"13,567 ",57.3 ,68.4 
1999,남자,C18-C20,대장,"5,338 ",22.5 ,27.1 
1999,남자,C22,간,"10,022 ",42.3 ,48.4 
1999,남자,C23-C24,담낭 및 기타담도,"1,568 ",6.6 ,8.3 
1999,남자,C25,췌장,"1,529 ",6.5 ,8.0 
1999,남자,C32,후두,975 ,4.1 ,5.0 
1999,남자,C33-C34,폐,"9,744 ",41.1 ,51.9 
1999,남자,C50,유방,41 ,0.2 ,0.2 
1999,남자,C53,자궁경부,0 ,0.0 ,
1999,남자,C54,자궁체부,0 ,0.0 ,
1999,남자,C56,난소,0 ,0.0 ,
1999,남자,C61,전립선,"1,455 ",6.1 ,8.6 
1999,남자,C62,고환,129 ,0.5 ,0.5 
1999,남자,C64,신장,980 ,4.1 ,4.8 
1999,남자,C67,방광,"1,744 ",7.4 ,9.3 
1999,남자,C70-C72,뇌 및 중추신경계,712 ,3.0 ,3.2 
1999,남자,C73,갑상선,517 ,2.2 ,2.3 
1999,남자,C81,호지킨림프종,86 ,0.4 ,0.4 
1999,남자,"C82-C86,C96",비호지킨림프종,"1,253 ",5.3 ,6.0 
1999,남자,C90,다발성 골수종,256 ,1.1 ,1.3 
1999,남자,C91-C95,백혈병,"1,188 ",5.0 ,5.4 
1999,남자,Re.C00-C96,기타 암,"3,773 ",15.9 ,18.9 
1999,여자,C00-C96,모든암,"43,959 ",187.2 ,175.6 
1999,여자,C00-C14,"입술, 구강 및 인두",433 ,1.8 ,1.7 
1999,여자,C15,식도,156 ,0.7 ,0.6 
1999,여자,C16,위,"7,335 ",31.2 ,28.4 
1999,여자,C18-C20,대장,"4,441 ",18.9 ,17.3 
1999,여자,C22,간,"3,240 ",13.8 ,12.6 
1999,여자,C23-C24,담낭 및 기타담도,"1,479 ",6.3 ,5.5 
1999,여자,C25,췌장,"1,083 ",4.6 ,4.1 
1999,여자,C32,후두,126 ,0.5 ,0.5 
1999,여자,C33-C34,폐,"3,485 ",14.8 ,13.0 
1999,여자,C50,유방,"5,839 ",24.9 ,25.1 
1999,여자,C53,자궁경부,"4,489 ",19.1 ,18.8 
1999,여자,C54,자궁체부,727 ,3.1 ,3.1 
1999,여자,C56,난소,"1,353 ",5.8 ,5.6 
1999,여자,C61,전립선,0 ,0.0 ,
1999,여자,C62,고환,0 ,0.0 ,
1999,여자,C64,신장,441 ,1.9 ,1.8 
1999,여자,C67,방광,451 ,1.9 ,1.7 
1999,여자,C70-C72,뇌 및 중추신경계,646 ,2.8 ,2.6 
1999,여자,C73,갑상선,"2,890 ",12.3 ,12.2 
1999,여자,C81,호지킨림프종,37 ,0.2 ,0.2 
1999,여자,"C82-C86,C96",비호지킨림프종,851 ,3.6 ,3.4 
1999,여자,C90,다발성 골수종,212 ,0.9 ,0.8 
1999,여자,C91-C95,백혈병,936 ,4.0 ,3.9 
1999,여자,Re.C00-C96,기타 암,"3,309 ",14.1 ,12.9 
2000,남녀전체,C00-C96,모든암,"103,013 ",216.7 ,216.7 
2000,남녀전체,C00-C14,"입술, 구강 및 인두","2,207 ",4.6 ,4.6 
2000,남녀전체,C15,식도,"1,766 ",3.7 ,3.7 
2000,남녀전체,C16,위,"21,070 ",44.3 ,44.3 
2000,남녀전체,C18-C20,대장,"10,486 ",22.1 ,22.1 
2000,남녀전체,C22,간,"13,085 ",27.5 ,27.5 
2000,남녀전체,C23-C24,담낭 및 기타담도,"3,131 ",6.6 ,6.6 
2000,남녀전체,C25,췌장,"2,711 ",5.7 ,5.7 
2000,남녀전체,C32,후두,"1,043 ",2.2 ,2.2 
2000,남녀전체,C33-C34,폐,"13,410 ",28.2 ,28.2 
2000,남녀전체,C50,유방,"6,082 ",12.8 ,12.8 
2000,남녀전체,C53,자궁경부,"4,346 ",9.1 ,9.1 
2000,남녀전체,C54,자궁체부,729 ,1.5 ,1.5 
2000,남녀전체,C56,난소,"1,303 ",2.7 ,2.7 
2000,남녀전체,C61,전립선,"1,365 ",2.9 ,2.9 
2000,남녀전체,C62,고환,134 ,0.3 ,0.3 
2000,남녀전체,C64,신장,"1,460 ",3.1 ,3.1 
2000,남녀전체,C67,방광,"2,261 ",4.8 ,4.8 
2000,남녀전체,C70-C72,뇌 및 중추신경계,"1,352 ",2.8 ,2.8 
2000,남녀전체,C73,갑상선,"3,420 ",7.2 ,7.2 
2000,남녀전체,C81,호지킨림프종,134 ,0.3 ,0.3 
2000,남녀전체,"C82-C86,C96",비호지킨림프종,"2,036 ",4.3 ,4.3 
2000,남녀전체,C90,다발성 골수종,492 ,1.0 ,1.0 
2000,남녀전체,C91-C95,백혈병,"2,007 ",4.2 ,4.2 
2000,남녀전체,Re.C00-C96,기타 암,"6,983 ",14.7 ,14.7 
2000,남자,C00-C96,모든암,"58,505 ",245.2 ,285.5 
2000,남자,C00-C14,"입술, 구강 및 인두","1,491 ",6.2 ,7.3 
2000,남자,C15,식도,"1,601 ",6.7 ,8.0 
2000,남자,C16,위,"13,891 ",58.2 ,67.2 
2000,남자,C18-C20,대장,"5,859 ",24.6 ,28.4 
2000,남자,C22,간,"9,877 ",41.4 ,45.9 
2000,남자,C23-C24,담낭 및 기타담도,"1,555 ",6.5 ,8.0 
2000,남자,C25,췌장,"1,578 ",6.6 ,7.9 
2000,남자,C32,후두,949 ,4.0 ,4.6 
2000,남자,C33-C34,폐,"9,814 ",41.1 ,50.4 
2000,남자,C50,유방,59 ,0.2 ,0.3 
2000,남자,C53,자궁경부,0 ,0.0 ,
2000,남자,C54,자궁체부,0 ,0.0 ,
2000,남자,C56,난소,0 ,0.0 ,
2000,남자,C61,전립선,"1,365 ",5.7 ,7.6 
2000,남자,C62,고환,134 ,0.6 ,0.6 
2000,남자,C64,신장,993 ,4.2 ,4.6 
2000,남자,C67,방광,"1,804 ",7.6 ,9.2 
2000,남자,C70-C72,뇌 및 중추신경계,715 ,3.0 ,3.2 
2000,남자,C73,갑상선,501 ,2.1 ,2.2 
2000,남자,C81,호지킨림프종,90 ,0.4 ,0.4 
2000,남자,"C82-C86,C96",비호지킨림프종,"1,221 ",5.1 ,5.6 
2000,남자,C90,다발성 골수종,275 ,1.2 ,1.3 
2000,남자,C91-C95,백혈병,"1,105 ",4.6 ,4.9 
2000,남자,Re.C00-C96,기타 암,"3,628 ",15.2 ,17.6 
2000,여자,C00-C96,모든암,"44,508 ",188.0 ,172.1 
2000,여자,C00-C14,"입술, 구강 및 인두",716 ,3.0 ,2.6 
2000,여자,C15,식도,165 ,0.7 ,0.6 
2000,여자,C16,위,"7,179 ",30.3 ,27.0 
2000,여자,C18-C20,대장,"4,627 ",19.5 ,17.4 
2000,여자,C22,간,"3,208 ",13.6 ,12.0 
2000,여자,C23-C24,담낭 및 기타담도,"1,576 ",6.7 ,5.7 
2000,여자,C25,췌장,"1,133 ",4.8 ,4.1 
2000,여자,C32,후두,94 ,0.4 ,0.3 
2000,여자,C33-C34,폐,"3,596 ",15.2 ,12.9 
2000,여자,C50,유방,"6,023 ",25.4 ,25.0 
2000,여자,C53,자궁경부,"4,346 ",18.4 ,17.6 
2000,여자,C54,자궁체부,729 ,3.1 ,3.0 
2000,여자,C56,난소,"1,303 ",5.5 ,5.3 
2000,여자,C61,전립선,0 ,0.0 ,
2000,여자,C62,고환,0 ,0.0 ,
2000,여자,C64,신장,467 ,2.0 ,1.8 
2000,여자,C67,방광,457 ,1.9 ,1.6 
2000,여자,C70-C72,뇌 및 중추신경계,637 ,2.7 ,2.6 
2000,여자,C73,갑상선,"2,919 ",12.3 ,12.1 
2000,여자,C81,호지킨림프종,44 ,0.2 ,0.2 
2000,여자,"C82-C86,C96",비호지킨림프종,815 ,3.4 ,3.2 
2000,여자,C90,다발성 골수종,217 ,0.9 ,0.8 
2000,여자,C91-C95,백혈병,902 ,3.8 ,3.7 
2000,여자,Re.C00-C96,기타 암,"3,355 ",14.2 ,12.7 
2001,남녀전체,C00-C96,모든암,"112,394 ",234.8 ,228.7 
2001,남녀전체,C00-C14,"입술, 구강 및 인두","1,865 ",3.9 ,3.8 
2001,남녀전체,C15,식도,"1,917 ",4.0 ,3.9 
2001,남녀전체,C16,위,"22,605 ",47.2 ,45.9 
2001,남녀전체,C18-C20,대장,"11,773 ",24.6 ,23.9 
2001,남녀전체,C22,간,"13,822 ",28.9 ,28.1 
2001,남녀전체,C23-C24,담낭 및 기타담도,"3,429 ",7.2 ,6.9 
2001,남녀전체,C25,췌장,"2,785 ",5.8 ,5.6 
2001,남녀전체,C32,후두,"1,178 ",2.5 ,2.4 
2001,남녀전체,C33-C34,폐,"14,192 ",29.6 ,28.8 
2001,남녀전체,C50,유방,"7,339 ",15.3 ,15.0 
2001,남녀전체,C53,자궁경부,"4,647 ",9.7 ,9.5 
2001,남녀전체,C54,자궁체부,839 ,1.8 ,1.7 
2001,남녀전체,C56,난소,"1,351 ",2.8 ,2.8 
2001,남녀전체,C61,전립선,"1,867 ",3.9 ,3.8 
2001,남녀전체,C62,고환,144 ,0.3 ,0.3 
2001,남녀전체,C64,신장,"1,670 ",3.5 ,3.4 
2001,남녀전체,C67,방광,"2,508 ",5.2 ,5.1 
2001,남녀전체,C70-C72,뇌 및 중추신경계,"1,375 ",2.9 ,2.8 
2001,남녀전체,C73,갑상선,"4,500 ",9.4 ,9.2 
2001,남녀전체,C81,호지킨림프종,148 ,0.3 ,0.3 
2001,남녀전체,"C82-C86,C96",비호지킨림프종,"2,241 ",4.7 ,4.6 
2001,남녀전체,C90,다발성 골수종,564 ,1.2 ,1.1 
2001,남녀전체,C91-C95,백혈병,"2,209 ",4.6 ,4.6 
2001,남녀전체,Re.C00-C96,기타 암,"7,426 ",15.5 ,15.2 
2001,남자,C00-C96,모든암,"63,241 ",263.2 ,296.6 
2001,남자,C00-C14,"입술, 구강 및 인두","1,386 ",5.8 ,6.3 
2001,남자,C15,식도,"1,740 ",7.2 ,8.3 
2001,남자,C16,위,"14,914 ",62.1 ,69.3 
2001,남자,C18-C20,대장,"6,574 ",27.4 ,30.7 
2001,남자,C22,간,"10,386 ",43.2 ,46.5 
2001,남자,C23-C24,담낭 및 기타담도,"1,710 ",7.1 ,8.4 
2001,남자,C25,췌장,"1,588 ",6.6 ,7.7 
2001,남자,C32,후두,"1,087 ",4.5 ,5.1 
2001,남자,C33-C34,폐,"10,513 ",43.7 ,51.7 
2001,남자,C50,유방,48 ,0.2 ,0.2 
2001,남자,C53,자궁경부,0 ,0.0 ,
2001,남자,C54,자궁체부,0 ,0.0 ,
2001,남자,C56,난소,0 ,0.0 ,
2001,남자,C61,전립선,"1,867 ",7.8 ,10.0 
2001,남자,C62,고환,144 ,0.6 ,0.6 
2001,남자,C64,신장,"1,135 ",4.7 ,5.1 
2001,남자,C67,방광,"1,979 ",8.2 ,9.7 
2001,남자,C70-C72,뇌 및 중추신경계,728 ,3.0 ,3.2 
2001,남자,C73,갑상선,630 ,2.6 ,2.7 
2001,남자,C81,호지킨림프종,100 ,0.4 ,0.4 
2001,남자,"C82-C86,C96",비호지킨림프종,"1,335 ",5.6 ,6.0 
2001,남자,C90,다발성 골수종,313 ,1.3 ,1.5 
2001,남자,C91-C95,백혈병,"1,211 ",5.0 ,5.3 
2001,남자,Re.C00-C96,기타 암,"3,853 ",16.0 ,18.0 
2001,여자,C00-C96,모든암,"49,153 ",206.1 ,185.1 
2001,여자,C00-C14,"입술, 구강 및 인두",479 ,2.0 ,1.8 
2001,여자,C15,식도,177 ,0.7 ,0.6 
2001,여자,C16,위,"7,691 ",32.3 ,28.1 
2001,여자,C18-C20,대장,"5,199 ",21.8 ,18.8 
2001,여자,C22,간,"3,436 ",14.4 ,12.5 
2001,여자,C23-C24,담낭 및 기타담도,"1,719 ",7.2 ,6.0 
2001,여자,C25,췌장,"1,197 ",5.0 ,4.1 
2001,여자,C32,후두,91 ,0.4 ,0.3 
2001,여자,C33-C34,폐,"3,679 ",15.4 ,12.8 
2001,여자,C50,유방,"7,291 ",30.6 ,29.4 
2001,여자,C53,자궁경부,"4,647 ",19.5 ,18.3 
2001,여자,C54,자궁체부,839 ,3.5 ,3.3 
2001,여자,C56,난소,"1,351 ",5.7 ,5.3 
2001,여자,C61,전립선,0 ,0.0 ,
2001,여자,C62,고환,0 ,0.0 ,
2001,여자,C64,신장,535 ,2.2 ,2.0 
2001,여자,C67,방광,529 ,2.2 ,1.8 
2001,여자,C70-C72,뇌 및 중추신경계,647 ,2.7 ,2.6 
2001,여자,C73,갑상선,"3,870 ",16.2 ,15.7 
2001,여자,C81,호지킨림프종,48 ,0.2 ,0.2 
2001,여자,"C82-C86,C96",비호지킨림프종,906 ,3.8 ,3.4 
2001,여자,C90,다발성 골수종,251 ,1.1 ,0.9 
2001,여자,C91-C95,백혈병,998 ,4.2 ,4.0 
2001,여자,Re.C00-C96,기타 암,"3,573 ",15.0 ,13.2 
2002,남녀전체,C00-C96,모든암,"118,702 ",246.6 ,233.0 
2002,남녀전체,C00-C14,"입술, 구강 및 인두","1,989 ",4.1 ,3.9 
2002,남녀전체,C15,식도,"1,952 ",4.1 ,3.8 
2002,남녀전체,C16,위,"23,298 ",48.4 ,45.6 
2002,남녀전체,C18-C20,대장,"13,232 ",27.5 ,25.8 
2002,남녀전체,C22,간,"13,989 ",29.1 ,27.4 
2002,남녀전체,C23-C24,담낭 및 기타담도,"3,567 ",7.4 ,6.9 
2002,남녀전체,C25,췌장,"3,068 ",6.4 ,6.0 
2002,남녀전체,C32,후두,"1,132 ",2.4 ,2.2 
2002,남녀전체,C33-C34,폐,"14,963 ",31.1 ,29.0 
2002,남녀전체,C50,유방,"8,296 ",17.2 ,16.4 
2002,남녀전체,C53,자궁경부,"4,496 ",9.3 ,8.9 
2002,남녀전체,C54,자궁체부,943 ,2.0 ,1.9 
2002,남녀전체,C56,난소,"1,466 ",3.0 ,2.9 
2002,남녀전체,C61,전립선,"2,138 ",4.4 ,4.1 
2002,남녀전체,C62,고환,155 ,0.3 ,0.3 
2002,남녀전체,C64,신장,"1,780 ",3.7 ,3.5 
2002,남녀전체,C67,방광,"2,503 ",5.2 ,4.9 
2002,남녀전체,C70-C72,뇌 및 중추신경계,"1,308 ",2.7 ,2.7 
2002,남녀전체,C73,갑상선,"5,551 ",11.5 ,11.1 
2002,남녀전체,C81,호지킨림프종,145 ,0.3 ,0.3 
2002,남녀전체,"C82-C86,C96",비호지킨림프종,"2,239 ",4.7 ,4.5 
2002,남녀전체,C90,다발성 골수종,568 ,1.2 ,1.1 
2002,남녀전체,C91-C95,백혈병,"2,319 ",4.8 ,4.7 
2002,남녀전체,Re.C00-C96,기타 암,"7,605 ",15.8 ,15.0 
2002,남자,C00-C96,모든암,"66,238 ",274.3 ,299.5 
2002,남자,C00-C14,"입술, 구강 및 인두","1,493 ",6.2 ,6.6 
2002,남자,C15,식도,"1,791 ",7.4 ,8.2 
2002,남자,C16,위,"15,311 ",63.4 ,68.7 
2002,남자,C18-C20,대장,"7,557 ",31.3 ,34.1 
2002,남자,C22,간,"10,508 ",43.5 ,45.3 
2002,남자,C23-C24,담낭 및 기타담도,"1,758 ",7.3 ,8.3 
2002,남자,C25,췌장,"1,761 ",7.3 ,8.1 
2002,남자,C32,후두,"1,039 ",4.3 ,4.7 
2002,남자,C33-C34,폐,"11,009 ",45.6 ,51.8 
2002,남자,C50,유방,62 ,0.3 ,0.3 
2002,남자,C53,자궁경부,0 ,0.0 ,
2002,남자,C54,자궁체부,0 ,0.0 ,
2002,남자,C56,난소,0 ,0.0 ,
2002,남자,C61,전립선,"2,138 ",8.9 ,10.8 
2002,남자,C62,고환,155 ,0.6 ,0.7 
2002,남자,C64,신장,"1,211 ",5.0 ,5.2 
2002,남자,C67,방광,"1,967 ",8.1 ,9.3 
2002,남자,C70-C72,뇌 및 중추신경계,686 ,2.8 ,2.9 
2002,남자,C73,갑상선,729 ,3.0 ,3.0 
2002,남자,C81,호지킨림프종,83 ,0.3 ,0.4 
2002,남자,"C82-C86,C96",비호지킨림프종,"1,320 ",5.5 ,5.7 
2002,남자,C90,다발성 골수종,328 ,1.4 ,1.5 
2002,남자,C91-C95,백혈병,"1,332 ",5.5 ,5.7 
2002,남자,Re.C00-C96,기타 암,"4,000 ",16.6 ,18.1 
2002,여자,C00-C96,모든암,"52,464 ",218.8 ,191.6 
2002,여자,C00-C14,"입술, 구강 및 인두",496 ,2.1 ,1.8 
2002,여자,C15,식도,161 ,0.7 ,0.5 
2002,여자,C16,위,"7,987 ",33.3 ,28.2 
2002,여자,C18-C20,대장,"5,675 ",23.7 ,19.8 
2002,여자,C22,간,"3,481 ",14.5 ,12.2 
2002,여자,C23-C24,담낭 및 기타담도,"1,809 ",7.5 ,6.0 
2002,여자,C25,췌장,"1,307 ",5.5 ,4.3 
2002,여자,C32,후두,93 ,0.4 ,0.3 
2002,여자,C33-C34,폐,"3,954 ",16.5 ,13.2 
2002,여자,C50,유방,"8,234 ",34.3 ,32.3 
2002,여자,C53,자궁경부,"4,496 ",18.8 ,17.2 
2002,여자,C54,자궁체부,943 ,3.9 ,3.6 
2002,여자,C56,난소,"1,466 ",6.1 ,5.6 
2002,여자,C61,전립선,0 ,0.0 ,
2002,여자,C62,고환,0 ,0.0 ,
2002,여자,C64,신장,569 ,2.4 ,2.1 
2002,여자,C67,방광,536 ,2.2 ,1.8 
2002,여자,C70-C72,뇌 및 중추신경계,622 ,2.6 ,2.4 
2002,여자,C73,갑상선,"4,822 ",20.1 ,19.2 
2002,여자,C81,호지킨림프종,62 ,0.3 ,0.3 
2002,여자,"C82-C86,C96",비호지킨림프종,919 ,3.8 ,3.4 
2002,여자,C90,다발성 골수종,240 ,1.0 ,0.8 
2002,여자,C91-C95,백혈병,987 ,4.1 ,3.9 
2002,여자,Re.C00-C96,기타 암,"3,605 ",15.0 ,12.9 
2003,남녀전체,C00-C96,모든암,"126,022 ",260.9 ,239.0 
2003,남녀전체,C00-C14,"입술, 구강 및 인두","2,088 ",4.3 ,4.0 
2003,남녀전체,C15,식도,"1,936 ",4.0 ,3.6 
2003,남녀전체,C16,위,"23,959 ",49.6 ,45.1 
2003,남녀전체,C18-C20,대장,"14,737 ",30.5 ,27.7 
2003,남녀전체,C22,간,"14,103 ",29.2 ,26.7 
2003,남녀전체,C23-C24,담낭 및 기타담도,"3,709 ",7.7 ,6.9 
2003,남녀전체,C25,췌장,"3,225 ",6.7 ,6.0 
2003,남녀전체,C32,후두,"1,117 ",2.3 ,2.1 
2003,남녀전체,C33-C34,폐,"15,235 ",31.5 ,28.3 
2003,남녀전체,C50,유방,"8,549 ",17.7 ,16.5 
2003,남녀전체,C53,자궁경부,"4,386 ",9.1 ,8.4 
2003,남녀전체,C54,자궁체부,"1,096 ",2.3 ,2.1 
2003,남녀전체,C56,난소,"1,483 ",3.1 ,2.9 
2003,남녀전체,C61,전립선,"2,671 ",5.5 ,4.9 
2003,남녀전체,C62,고환,154 ,0.3 ,0.3 
2003,남녀전체,C64,신장,"1,910 ",4.0 ,3.6 
2003,남녀전체,C67,방광,"2,769 ",5.7 ,5.2 
2003,남녀전체,C70-C72,뇌 및 중추신경계,"1,485 ",3.1 ,3.0 
2003,남녀전체,C73,갑상선,"7,558 ",15.6 ,14.9 
2003,남녀전체,C81,호지킨림프종,158 ,0.3 ,0.3 
2003,남녀전체,"C82-C86,C96",비호지킨림프종,"2,356 ",4.9 ,4.6 
2003,남녀전체,C90,다발성 골수종,616 ,1.3 ,1.2 
2003,남녀전체,C91-C95,백혈병,"2,283 ",4.7 ,4.6 
2003,남녀전체,Re.C00-C96,기타 암,"8,439 ",17.5 ,16.1 
2003,남자,C00-C96,모든암,"69,740 ",287.8 ,302.4 
2003,남자,C00-C14,"입술, 구강 및 인두","1,585 ",6.5 ,6.7 
2003,남자,C15,식도,"1,741 ",7.2 ,7.7 
2003,남자,C16,위,"15,840 ",65.4 ,67.9 
2003,남자,C18-C20,대장,"8,406 ",34.7 ,36.2 
2003,남자,C22,간,"10,604 ",43.8 ,44.0 
2003,남자,C23-C24,담낭 및 기타담도,"1,803 ",7.4 ,8.1 
2003,남자,C25,췌장,"1,800 ",7.4 ,7.9 
2003,남자,C32,후두,"1,031 ",4.3 ,4.5 
2003,남자,C33-C34,폐,"11,229 ",46.3 ,50.6 
2003,남자,C50,유방,58 ,0.2 ,0.2 
2003,남자,C53,자궁경부,0 ,0.0 ,
2003,남자,C54,자궁체부,0 ,0.0 ,
2003,남자,C56,난소,0 ,0.0 ,
2003,남자,C61,전립선,"2,671 ",11.0 ,12.8 
2003,남자,C62,고환,154 ,0.6 ,0.6 
2003,남자,C64,신장,"1,298 ",5.4 ,5.4 
2003,남자,C67,방광,"2,196 ",9.1 ,9.8 
2003,남자,C70-C72,뇌 및 중추신경계,805 ,3.3 ,3.4 
2003,남자,C73,갑상선,"1,034 ",4.3 ,4.2 
2003,남자,C81,호지킨림프종,112 ,0.5 ,0.5 
2003,남자,"C82-C86,C96",비호지킨림프종,"1,375 ",5.7 ,5.8 
2003,남자,C90,다발성 골수종,331 ,1.4 ,1.4 
2003,남자,C91-C95,백혈병,"1,249 ",5.2 ,5.3 
2003,남자,Re.C00-C96,기타 암,"4,418 ",18.2 ,19.3 
2003,여자,C00-C96,모든암,"56,282 ",233.8 ,200.1 
2003,여자,C00-C14,"입술, 구강 및 인두",503 ,2.1 ,1.8 
2003,여자,C15,식도,195 ,0.8 ,0.6 
2003,여자,C16,위,"8,119 ",33.7 ,27.7 
2003,여자,C18-C20,대장,"6,331 ",26.3 ,21.3 
2003,여자,C22,간,"3,499 ",14.5 ,11.7 
2003,여자,C23-C24,담낭 및 기타담도,"1,906 ",7.9 ,6.0 
2003,여자,C25,췌장,"1,425 ",5.9 ,4.5 
2003,여자,C32,후두,86 ,0.4 ,0.3 
2003,여자,C33-C34,폐,"4,006 ",16.6 ,12.8 
2003,여자,C50,유방,"8,491 ",35.3 ,32.4 
2003,여자,C53,자궁경부,"4,386 ",18.2 ,16.3 
2003,여자,C54,자궁체부,"1,096 ",4.6 ,4.1 
2003,여자,C56,난소,"1,483 ",6.2 ,5.6 
2003,여자,C61,전립선,0 ,0.0 ,
2003,여자,C62,고환,0 ,0.0 ,
2003,여자,C64,신장,612 ,2.5 ,2.2 
2003,여자,C67,방광,573 ,2.4 ,1.8 
2003,여자,C70-C72,뇌 및 중추신경계,680 ,2.8 ,2.6 
2003,여자,C73,갑상선,"6,524 ",27.1 ,25.5 
2003,여자,C81,호지킨림프종,46 ,0.2 ,0.2 
2003,여자,"C82-C86,C96",비호지킨림프종,981 ,4.1 ,3.6 
2003,여자,C90,다발성 골수종,285 ,1.2 ,1.0 
2003,여자,C91-C95,백혈병,"1,034 ",4.3 ,4.0 
2003,여자,Re.C00-C96,기타 암,"4,021 ",16.7 ,13.9 
2004,남녀전체,C00-C96,모든암,"134,780 ",278.0 ,247.2 
2004,남녀전체,C00-C14,"입술, 구강 및 인두","2,163 ",4.5 ,4.0 
2004,남녀전체,C15,식도,"1,986 ",4.1 ,3.6 
2004,남녀전체,C16,위,"23,648 ",48.8 ,43.0 
2004,남녀전체,C18-C20,대장,"16,333 ",33.7 ,29.6 
2004,남녀전체,C22,간,"14,497 ",29.9 ,26.4 
2004,남녀전체,C23-C24,담낭 및 기타담도,"3,987 ",8.2 ,7.1 
2004,남녀전체,C25,췌장,"3,409 ",7.0 ,6.1 
2004,남녀전체,C32,후두,"1,084 ",2.2 ,1.9 
2004,남녀전체,C33-C34,폐,"16,374 ",33.8 ,29.2 
2004,남녀전체,C50,유방,"9,242 ",19.1 ,17.3 
2004,남녀전체,C53,자궁경부,"4,143 ",8.5 ,7.8 
2004,남녀전체,C54,자궁체부,"1,124 ",2.3 ,2.1 
2004,남녀전체,C56,난소,"1,560 ",3.2 ,2.9 
2004,남녀전체,C61,전립선,"3,416 ",7.0 ,6.0 
2004,남녀전체,C62,고환,155 ,0.3 ,0.3 
2004,남녀전체,C64,신장,"2,100 ",4.3 ,3.9 
2004,남녀전체,C67,방광,"2,916 ",6.0 ,5.2 
2004,남녀전체,C70-C72,뇌 및 중추신경계,"1,538 ",3.2 ,3.0 
2004,남녀전체,C73,갑상선,"10,447 ",21.5 ,20.1 
2004,남녀전체,C81,호지킨림프종,204 ,0.4 ,0.4 
2004,남녀전체,"C82-C86,C96",비호지킨림프종,"2,569 ",5.3 ,4.9 
2004,남녀전체,C90,다발성 골수종,678 ,1.4 ,1.2 
2004,남녀전체,C91-C95,백혈병,"2,372 ",4.9 ,4.7 
2004,남녀전체,Re.C00-C96,기타 암,"8,835 ",18.2 ,16.4 
2004,남자,C00-C96,모든암,"73,865 ",303.8 ,307.3 
2004,남자,C00-C14,"입술, 구강 및 인두","1,578 ",6.5 ,6.4 
2004,남자,C15,식도,"1,823 ",7.5 ,7.7 
2004,남자,C16,위,"15,629 ",64.3 ,64.2 
2004,남자,C18-C20,대장,"9,457 ",38.9 ,39.1 
2004,남자,C22,간,"10,928 ",44.9 ,43.6 
2004,남자,C23-C24,담낭 및 기타담도,"2,010 ",8.3 ,8.7 
2004,남자,C25,췌장,"1,922 ",7.9 ,8.1 
2004,남자,C32,후두,991 ,4.1 ,4.1 
2004,남자,C33-C34,폐,"11,985 ",49.3 ,51.4 
2004,남자,C50,유방,51 ,0.2 ,0.2 
2004,남자,C53,자궁경부,0 ,0.0 ,
2004,남자,C54,자궁체부,0 ,0.0 ,
2004,남자,C56,난소,0 ,0.0 ,
2004,남자,C61,전립선,"3,416 ",14.0 ,15.3 
2004,남자,C62,고환,155 ,0.6 ,0.7 
2004,남자,C64,신장,"1,422 ",5.8 ,5.7 
2004,남자,C67,방광,"2,332 ",9.6 ,10.0 
2004,남자,C70-C72,뇌 및 중추신경계,809 ,3.3 ,3.3 
2004,남자,C73,갑상선,"1,420 ",5.8 ,5.6 
2004,남자,C81,호지킨림프종,145 ,0.6 ,0.6 
2004,남자,"C82-C86,C96",비호지킨림프종,"1,512 ",6.2 ,6.2 
2004,남자,C90,다발성 골수종,363 ,1.5 ,1.5 
2004,남자,C91-C95,백혈병,"1,321 ",5.4 ,5.5 
2004,남자,Re.C00-C96,기타 암,"4,596 ",18.9 ,19.4 
2004,여자,C00-C96,모든암,"60,915 ",252.0 ,211.1 
2004,여자,C00-C14,"입술, 구강 및 인두",585 ,2.4 ,2.0 
2004,여자,C15,식도,163 ,0.7 ,0.5 
2004,여자,C16,위,"8,019 ",33.2 ,26.6 
2004,여자,C18-C20,대장,"6,876 ",28.5 ,22.4 
2004,여자,C22,간,"3,569 ",14.8 ,11.6 
2004,여자,C23-C24,담낭 및 기타담도,"1,977 ",8.2 ,6.0 
2004,여자,C25,췌장,"1,487 ",6.2 ,4.6 
2004,여자,C32,후두,93 ,0.4 ,0.3 
2004,여자,C33-C34,폐,"4,389 ",18.2 ,13.5 
2004,여자,C50,유방,"9,191 ",38.0 ,34.2 
2004,여자,C53,자궁경부,"4,143 ",17.1 ,15.0 
2004,여자,C54,자궁체부,"1,124 ",4.7 ,4.1 
2004,여자,C56,난소,"1,560 ",6.5 ,5.6 
2004,여자,C61,전립선,0 ,0.0 ,
2004,여자,C62,고환,0 ,0.0 ,
2004,여자,C64,신장,678 ,2.8 ,2.4 
2004,여자,C67,방광,584 ,2.4 ,1.8 
2004,여자,C70-C72,뇌 및 중추신경계,729 ,3.0 ,2.7 
2004,여자,C73,갑상선,"9,027 ",37.3 ,34.7 
2004,여자,C81,호지킨림프종,59 ,0.2 ,0.3 
2004,여자,"C82-C86,C96",비호지킨림프종,"1,057 ",4.4 ,3.7 
2004,여자,C90,다발성 골수종,315 ,1.3 ,1.0 
2004,여자,C91-C95,백혈병,"1,051 ",4.3 ,4.0 
2004,여자,Re.C00-C96,기타 암,"4,239 ",17.5 ,14.2 
2005,남녀전체,C00-C96,모든암,"147,317 ",302.6 ,260.9 
2005,남녀전체,C00-C14,"입술, 구강 및 인두","2,251 ",4.6 ,4.0 
2005,남녀전체,C15,식도,"2,049 ",4.2 ,3.5 
2005,남녀전체,C16,위,"26,370 ",54.2 ,46.2 
2005,남녀전체,C18-C20,대장,"18,349 ",37.7 ,32.0 
2005,남녀전체,C22,간,"15,149 ",31.1 ,26.6 
2005,남녀전체,C23-C24,담낭 및 기타담도,"4,282 ",8.8 ,7.3 
2005,남녀전체,C25,췌장,"3,757 ",7.7 ,6.4 
2005,남녀전체,C32,후두,"1,160 ",2.4 ,2.0 
2005,남녀전체,C33-C34,폐,"17,264 ",35.5 ,29.5 
2005,남녀전체,C50,유방,"10,313 ",21.2 ,18.8 
2005,남녀전체,C53,자궁경부,"4,041 ",8.3 ,7.4 
2005,남녀전체,C54,자궁체부,"1,217 ",2.5 ,2.2 
2005,남녀전체,C56,난소,"1,678 ",3.4 ,3.1 
2005,남녀전체,C61,전립선,"3,764 ",7.7 ,6.4 
2005,남녀전체,C62,고환,154 ,0.3 ,0.3 
2005,남녀전체,C64,신장,"2,384 ",4.9 ,4.3 
2005,남녀전체,C67,방광,"3,055 ",6.3 ,5.3 
2005,남녀전체,C70-C72,뇌 및 중추신경계,"1,611 ",3.3 ,3.1 
2005,남녀전체,C73,갑상선,"12,823 ",26.3 ,24.1 
2005,남녀전체,C81,호지킨림프종,158 ,0.3 ,0.3 
2005,남녀전체,"C82-C86,C96",비호지킨림프종,"2,597 ",5.3 ,4.8 
2005,남녀전체,C90,다발성 골수종,794 ,1.6 ,1.4 
2005,남녀전체,C91-C95,백혈병,"2,346 ",4.8 ,4.6 
2005,남녀전체,Re.C00-C96,기타 암,"9,751 ",20.0 ,17.5 
2005,남자,C00-C96,모든암,"79,860 ",327.2 ,319.8 
2005,남자,C00-C14,"입술, 구강 및 인두","1,623 ",6.6 ,6.3 
2005,남자,C15,식도,"1,890 ",7.7 ,7.6 
2005,남자,C16,위,"17,398 ",71.3 ,68.8 
2005,남자,C18-C20,대장,"10,683 ",43.8 ,42.3 
2005,남자,C22,간,"11,420 ",46.8 ,43.9 
2005,남자,C23-C24,담낭 및 기타담도,"2,146 ",8.8 ,8.9 
2005,남자,C25,췌장,"2,076 ",8.5 ,8.5 
2005,남자,C32,후두,"1,076 ",4.4 ,4.3 
2005,남자,C33-C34,폐,"12,517 ",51.3 ,51.7 
2005,남자,C50,유방,57 ,0.2 ,0.2 
2005,남자,C53,자궁경부,0 ,0.0 ,
2005,남자,C54,자궁체부,0 ,0.0 ,
2005,남자,C56,난소,0 ,0.0 ,
2005,남자,C61,전립선,"3,764 ",15.4 ,16.0 
2005,남자,C62,고환,154 ,0.6 ,0.7 
2005,남자,C64,신장,"1,620 ",6.6 ,6.3 
2005,남자,C67,방광,"2,450 ",10.0 ,10.1 
2005,남자,C70-C72,뇌 및 중추신경계,844 ,3.5 ,3.4 
2005,남자,C73,갑상선,"1,785 ",7.3 ,6.8 
2005,남자,C81,호지킨림프종,105 ,0.4 ,0.4 
2005,남자,"C82-C86,C96",비호지킨림프종,"1,506 ",6.2 ,6.0 
2005,남자,C90,다발성 골수종,407 ,1.7 ,1.6 
2005,남자,C91-C95,백혈병,"1,331 ",5.5 ,5.5 
2005,남자,Re.C00-C96,기타 암,"5,008 ",20.5 ,20.5 
2005,여자,C00-C96,모든암,"67,457 ",277.9 ,226.6 
2005,여자,C00-C14,"입술, 구강 및 인두",628 ,2.6 ,2.1 
2005,여자,C15,식도,159 ,0.7 ,0.5 
2005,여자,C16,위,"8,972 ",37.0 ,28.7 
2005,여자,C18-C20,대장,"7,666 ",31.6 ,24.0 
2005,여자,C22,간,"3,729 ",15.4 ,11.7 
2005,여자,C23-C24,담낭 및 기타담도,"2,136 ",8.8 ,6.3 
2005,여자,C25,췌장,"1,681 ",6.9 ,4.9 
2005,여자,C32,후두,84 ,0.3 ,0.3 
2005,여자,C33-C34,폐,"4,747 ",19.6 ,14.1 
2005,여자,C50,유방,"10,256 ",42.3 ,37.0 
2005,여자,C53,자궁경부,"4,041 ",16.6 ,14.2 
2005,여자,C54,자궁체부,"1,217 ",5.0 ,4.3 
2005,여자,C56,난소,"1,678 ",6.9 ,6.0 
2005,여자,C61,전립선,0 ,0.0 ,
2005,여자,C62,고환,0 ,0.0 ,
2005,여자,C64,신장,764 ,3.1 ,2.5 
2005,여자,C67,방광,605 ,2.5 ,1.8 
2005,여자,C70-C72,뇌 및 중추신경계,767 ,3.2 ,2.8 
2005,여자,C73,갑상선,"11,038 ",45.5 ,41.3 
2005,여자,C81,호지킨림프종,53 ,0.2 ,0.2 
2005,여자,"C82-C86,C96",비호지킨림프종,"1,091 ",4.5 ,3.7 
2005,여자,C90,다발성 골수종,387 ,1.6 ,1.2 
2005,여자,C91-C95,백혈병,"1,015 ",4.2 ,3.8 
2005,여자,Re.C00-C96,기타 암,"4,743 ",19.5 ,15.3 
2006,남녀전체,C00-C96,모든암,"155,028 ",317.1 ,265.7 
2006,남녀전체,C00-C14,"입술, 구강 및 인두","2,311 ",4.7 ,4.0 
2006,남녀전체,C15,식도,"2,048 ",4.2 ,3.4 
2006,남녀전체,C16,위,"26,458 ",54.1 ,44.7 
2006,남녀전체,C18-C20,대장,"19,927 ",40.8 ,33.5 
2006,남녀전체,C22,간,"14,982 ",30.6 ,25.3 
2006,남녀전체,C23-C24,담낭 및 기타담도,"4,145 ",8.5 ,6.8 
2006,남녀전체,C25,췌장,"3,802 ",7.8 ,6.3 
2006,남녀전체,C32,후두,"1,072 ",2.2 ,1.8 
2006,남녀전체,C33-C34,폐,"17,760 ",36.3 ,29.2 
2006,남녀전체,C50,유방,"10,963 ",22.4 ,19.4 
2006,남녀전체,C53,자궁경부,"4,068 ",8.3 ,7.2 
2006,남녀전체,C54,자궁체부,"1,296 ",2.7 ,2.3 
2006,남녀전체,C56,난소,"1,712 ",3.5 ,3.0 
2006,남녀전체,C61,전립선,"4,533 ",9.3 ,7.4 
2006,남녀전체,C62,고환,182 ,0.4 ,0.4 
2006,남녀전체,C64,신장,"2,663 ",5.4 ,4.6 
2006,남녀전체,C67,방광,"3,089 ",6.3 ,5.1 
2006,남녀전체,C70-C72,뇌 및 중추신경계,"1,562 ",3.2 ,2.9 
2006,남녀전체,C73,갑상선,"16,183 ",33.1 ,29.7 
2006,남녀전체,C81,호지킨림프종,177 ,0.4 ,0.3 
2006,남녀전체,"C82-C86,C96",비호지킨림프종,"2,774 ",5.7 ,4.9 
2006,남녀전체,C90,다발성 골수종,769 ,1.6 ,1.3 
2006,남녀전체,C91-C95,백혈병,"2,443 ",5.0 ,4.7 
2006,남녀전체,Re.C00-C96,기타 암,"10,109 ",20.7 ,17.5 
2006,남자,C00-C96,모든암,"83,031 ",338.8 ,318.8 
2006,남자,C00-C14,"입술, 구강 및 인두","1,704 ",7.0 ,6.4 
2006,남자,C15,식도,"1,879 ",7.7 ,7.2 
2006,남자,C16,위,"17,755 ",72.4 ,67.3 
2006,남자,C18-C20,대장,"11,683 ",47.7 ,44.5 
2006,남자,C22,간,"11,227 ",45.8 ,41.4 
2006,남자,C23-C24,담낭 및 기타담도,"2,133 ",8.7 ,8.4 
2006,남자,C25,췌장,"2,094 ",8.5 ,8.1 
2006,남자,C32,후두,995 ,4.1 ,3.8 
2006,남자,C33-C34,폐,"12,699 ",51.8 ,50.0 
2006,남자,C50,유방,51 ,0.2 ,0.2 
2006,남자,C53,자궁경부,0 ,0.0 ,
2006,남자,C54,자궁체부,0 ,0.0 ,
2006,남자,C56,난소,0 ,0.0 ,
2006,남자,C61,전립선,"4,533 ",18.5 ,18.3 
2006,남자,C62,고환,182 ,0.7 ,0.8 
2006,남자,C64,신장,"1,817 ",7.4 ,6.8 
2006,남자,C67,방광,"2,501 ",10.2 ,9.9 
2006,남자,C70-C72,뇌 및 중추신경계,812 ,3.3 ,3.2 
2006,남자,C73,갑상선,"2,343 ",9.6 ,8.8 
2006,남자,C81,호지킨림프종,109 ,0.4 ,0.4 
2006,남자,"C82-C86,C96",비호지킨림프종,"1,651 ",6.7 ,6.4 
2006,남자,C90,다발성 골수종,385 ,1.6 ,1.5 
2006,남자,C91-C95,백혈병,"1,343 ",5.5 ,5.4 
2006,남자,Re.C00-C96,기타 암,"5,135 ",21.0 ,20.1 
2006,여자,C00-C96,모든암,"71,997 ",295.3 ,236.4 
2006,여자,C00-C14,"입술, 구강 및 인두",607 ,2.5 ,2.0 
2006,여자,C15,식도,169 ,0.7 ,0.5 
2006,여자,C16,위,"8,703 ",35.7 ,26.9 
2006,여자,C18-C20,대장,"8,244 ",33.8 ,25.1 
2006,여자,C22,간,"3,755 ",15.4 ,11.3 
2006,여자,C23-C24,담낭 및 기타담도,"2,012 ",8.3 ,5.7 
2006,여자,C25,췌장,"1,708 ",7.0 ,4.8 
2006,여자,C32,후두,77 ,0.3 ,0.2 
2006,여자,C33-C34,폐,"5,061 ",20.8 ,14.5 
2006,여자,C50,유방,"10,912 ",44.8 ,38.3 
2006,여자,C53,자궁경부,"4,068 ",16.7 ,14.0 
2006,여자,C54,자궁체부,"1,296 ",5.3 ,4.4 
2006,여자,C56,난소,"1,712 ",7.0 ,5.9 
2006,여자,C61,전립선,0 ,0.0 ,
2006,여자,C62,고환,0 ,0.0 ,
2006,여자,C64,신장,846 ,3.5 ,2.7 
2006,여자,C67,방광,588 ,2.4 ,1.7 
2006,여자,C70-C72,뇌 및 중추신경계,750 ,3.1 ,2.7 
2006,여자,C73,갑상선,"13,840 ",56.8 ,50.7 
2006,여자,C81,호지킨림프종,68 ,0.3 ,0.3 
2006,여자,"C82-C86,C96",비호지킨림프종,"1,123 ",4.6 ,3.7 
2006,여자,C90,다발성 골수종,384 ,1.6 ,1.1 
2006,여자,C91-C95,백혈병,"1,100 ",4.5 ,4.1 
2006,여자,Re.C00-C96,기타 암,"4,974 ",20.4 ,15.6 
2007,남녀전체,C00-C96,모든암,"168,226 ",342.4 ,278.8 
2007,남녀전체,C00-C14,"입술, 구강 및 인두","2,464 ",5.0 ,4.1 
2007,남녀전체,C15,식도,"2,110 ",4.3 ,3.3 
2007,남녀전체,C16,위,"26,849 ",54.6 ,43.6 
2007,남녀전체,C18-C20,대장,"21,560 ",43.9 ,34.8 
2007,남녀전체,C22,간,"15,418 ",31.4 ,25.1 
2007,남녀전체,C23-C24,담낭 및 기타담도,"4,397 ",8.9 ,6.8 
2007,남녀전체,C25,췌장,"4,082 ",8.3 ,6.4 
2007,남녀전체,C32,후두,"1,120 ",2.3 ,1.8 
2007,남녀전체,C33-C34,폐,"18,492 ",37.6 ,28.9 
2007,남녀전체,C50,유방,"12,038 ",24.5 ,20.8 
2007,남녀전체,C53,자궁경부,"3,788 ",7.7 ,6.6 
2007,남녀전체,C54,자궁체부,"1,391 ",2.8 ,2.4 
2007,남녀전체,C56,난소,"1,929 ",3.9 ,3.3 
2007,남녀전체,C61,전립선,"5,571 ",11.3 ,8.6 
2007,남녀전체,C62,고환,182 ,0.4 ,0.4 
2007,남녀전체,C64,신장,"2,969 ",6.0 ,5.0 
2007,남녀전체,C67,방광,"3,246 ",6.6 ,5.1 
2007,남녀전체,C70-C72,뇌 및 중추신경계,"1,682 ",3.4 ,3.1 
2007,남녀전체,C73,갑상선,"21,316 ",43.4 ,38.3 
2007,남녀전체,C81,호지킨림프종,205 ,0.4 ,0.4 
2007,남녀전체,"C82-C86,C96",비호지킨림프종,"2,936 ",6.0 ,5.1 
2007,남녀전체,C90,다발성 골수종,889 ,1.8 ,1.4 
2007,남녀전체,C91-C95,백혈병,"2,477 ",5.0 ,4.7 
2007,남녀전체,Re.C00-C96,기타 암,"11,115 ",22.6 ,18.6 
2007,남자,C00-C96,모든암,"88,618 ",359.9 ,326.1 
2007,남자,C00-C14,"입술, 구강 및 인두","1,815 ",7.4 ,6.6 
2007,남자,C15,식도,"1,905 ",7.7 ,7.0 
2007,남자,C16,위,"17,905 ",72.7 ,64.9 
2007,남자,C18-C20,대장,"12,783 ",51.9 ,46.5 
2007,남자,C22,간,"11,523 ",46.8 ,41.0 
2007,남자,C23-C24,담낭 및 기타담도,"2,187 ",8.9 ,8.2 
2007,남자,C25,췌장,"2,272 ",9.2 ,8.4 
2007,남자,C32,후두,"1,053 ",4.3 ,3.8 
2007,남자,C33-C34,폐,"13,225 ",53.7 ,49.5 
2007,남자,C50,유방,35 ,0.1 ,0.1 
2007,남자,C53,자궁경부,0 ,0.0 ,
2007,남자,C54,자궁체부,0 ,0.0 ,
2007,남자,C56,난소,0 ,0.0 ,
2007,남자,C61,전립선,"5,571 ",22.6 ,21.1 
2007,남자,C62,고환,182 ,0.7 ,0.8 
2007,남자,C64,신장,"2,047 ",8.3 ,7.4 
2007,남자,C67,방광,"2,576 ",10.5 ,9.7 
2007,남자,C70-C72,뇌 및 중추신경계,880 ,3.6 ,3.4 
2007,남자,C73,갑상선,"3,196 ",13.0 ,11.7 
2007,남자,C81,호지킨림프종,131 ,0.5 ,0.5 
2007,남자,"C82-C86,C96",비호지킨림프종,"1,742 ",7.1 ,6.5 
2007,남자,C90,다발성 골수종,459 ,1.9 ,1.7 
2007,남자,C91-C95,백혈병,"1,388 ",5.6 ,5.5 
2007,남자,Re.C00-C96,기타 암,"5,743 ",23.3 ,21.7 
2007,여자,C00-C96,모든암,"79,608 ",324.8 ,255.0 
2007,여자,C00-C14,"입술, 구강 및 인두",649 ,2.6 ,2.1 
2007,여자,C15,식도,205 ,0.8 ,0.6 
2007,여자,C16,위,"8,944 ",36.5 ,26.7 
2007,여자,C18-C20,대장,"8,777 ",35.8 ,25.7 
2007,여자,C22,간,"3,895 ",15.9 ,11.3 
2007,여자,C23-C24,담낭 및 기타담도,"2,210 ",9.0 ,5.8 
2007,여자,C25,췌장,"1,810 ",7.4 ,4.9 
2007,여자,C32,후두,67 ,0.3 ,0.2 
2007,여자,C33-C34,폐,"5,267 ",21.5 ,14.5 
2007,여자,C50,유방,"12,003 ",49.0 ,41.2 
2007,여자,C53,자궁경부,"3,788 ",15.5 ,12.8 
2007,여자,C54,자궁체부,"1,391 ",5.7 ,4.6 
2007,여자,C56,난소,"1,929 ",7.9 ,6.5 
2007,여자,C61,전립선,0 ,0.0 ,
2007,여자,C62,고환,0 ,0.0 ,
2007,여자,C64,신장,922 ,3.8 ,2.9 
2007,여자,C67,방광,670 ,2.7 ,1.8 
2007,여자,C70-C72,뇌 및 중추신경계,802 ,3.3 ,2.8 
2007,여자,C73,갑상선,"18,120 ",73.9 ,65.0 
2007,여자,C81,호지킨림프종,74 ,0.3 ,0.3 
2007,여자,"C82-C86,C96",비호지킨림프종,"1,194 ",4.9 ,3.8 
2007,여자,C90,다발성 골수종,430 ,1.8 ,1.2 
2007,여자,C91-C95,백혈병,"1,089 ",4.4 ,4.0 
2007,여자,Re.C00-C96,기타 암,"5,372 ",21.9 ,16.3 
2008,남녀전체,C00-C96,모든암,"182,786 ",370.0 ,293.2 
2008,남녀전체,C00-C14,"입술, 구강 및 인두","2,635 ",5.3 ,4.2 
2008,남녀전체,C15,식도,"2,204 ",4.5 ,3.3 
2008,남녀전체,C16,위,"28,424 ",57.5 ,44.3 
2008,남녀전체,C18-C20,대장,"23,266 ",47.1 ,36.1 
2008,남녀전체,C22,간,"15,804 ",32.0 ,24.7 
2008,남녀전체,C23-C24,담낭 및 기타담도,"4,565 ",9.2 ,6.7 
2008,남녀전체,C25,췌장,"4,378 ",8.9 ,6.6 
2008,남녀전체,C32,후두,"1,107 ",2.2 ,1.7 
2008,남녀전체,C33-C34,폐,"19,193 ",38.8 ,28.7 
2008,남녀전체,C50,유방,"12,900 ",26.1 ,21.7 
2008,남녀전체,C53,자궁경부,"4,030 ",8.2 ,6.8 
2008,남녀전체,C54,자궁체부,"1,592 ",3.2 ,2.6 
2008,남녀전체,C56,난소,"1,902 ",3.8 ,3.2 
2008,남녀전체,C61,전립선,"6,642 ",13.4 ,9.8 
2008,남녀전체,C62,고환,177 ,0.4 ,0.4 
2008,남녀전체,C64,신장,"3,268 ",6.6 ,5.3 
2008,남녀전체,C67,방광,"3,340 ",6.8 ,5.0 
2008,남녀전체,C70-C72,뇌 및 중추신경계,"1,691 ",3.4 ,3.1 
2008,남녀전체,C73,갑상선,"27,367 ",55.4 ,48.4 
2008,남녀전체,C81,호지킨림프종,219 ,0.4 ,0.4 
2008,남녀전체,"C82-C86,C96",비호지킨림프종,"3,003 ",6.1 ,5.0 
2008,남녀전체,C90,다발성 골수종,917 ,1.9 ,1.4 
2008,남녀전체,C91-C95,백혈병,"2,601 ",5.3 ,4.8 
2008,남녀전체,Re.C00-C96,기타 암,"11,561 ",23.4 ,18.7 
2008,남자,C00-C96,모든암,"95,008 ",383.8 ,334.3 
2008,남자,C00-C14,"입술, 구강 및 인두","1,950 ",7.9 ,6.7 
2008,남자,C15,식도,"2,007 ",8.1 ,7.0 
2008,남자,C16,위,"19,112 ",77.2 ,66.2 
2008,남자,C18-C20,대장,"13,941 ",56.3 ,48.4 
2008,남자,C22,간,"11,897 ",48.1 ,40.6 
2008,남자,C23-C24,담낭 및 기타담도,"2,261 ",9.1 ,8.0 
2008,남자,C25,췌장,"2,439 ",9.9 ,8.6 
2008,남자,C32,후두,"1,031 ",4.2 ,3.6 
2008,남자,C33-C34,폐,"13,640 ",55.1 ,48.5 
2008,남자,C50,유방,76 ,0.3 ,0.3 
2008,남자,C53,자궁경부,0 ,0.0 ,
2008,남자,C54,자궁체부,0 ,0.0 ,
2008,남자,C56,난소,0 ,0.0 ,
2008,남자,C61,전립선,"6,642 ",26.8 ,23.8 
2008,남자,C62,고환,177 ,0.7 ,0.8 
2008,남자,C64,신장,"2,253 ",9.1 ,7.8 
2008,남자,C67,방광,"2,672 ",10.8 ,9.6 
2008,남자,C70-C72,뇌 및 중추신경계,901 ,3.6 ,3.4 
2008,남자,C73,갑상선,"4,348 ",17.6 ,15.5 
2008,남자,C81,호지킨림프종,131 ,0.5 ,0.5 
2008,남자,"C82-C86,C96",비호지킨림프종,"1,746 ",7.1 ,6.3 
2008,남자,C90,다발성 골수종,492 ,2.0 ,1.7 
2008,남자,C91-C95,백혈병,"1,454 ",5.9 ,5.6 
2008,남자,Re.C00-C96,기타 암,"5,838 ",23.6 ,21.3 
2008,여자,C00-C96,모든암,"87,778 ",356.1 ,275.2 
2008,여자,C00-C14,"입술, 구강 및 인두",685 ,2.8 ,2.1 
2008,여자,C15,식도,197 ,0.8 ,0.5 
2008,여자,C16,위,"9,312 ",37.8 ,26.9 
2008,여자,C18-C20,대장,"9,325 ",37.8 ,26.2 
2008,여자,C22,간,"3,907 ",15.9 ,10.9 
2008,여자,C23-C24,담낭 및 기타담도,"2,304 ",9.3 ,5.8 
2008,여자,C25,췌장,"1,939 ",7.9 ,5.0 
2008,여자,C32,후두,76 ,0.3 ,0.2 
2008,여자,C33-C34,폐,"5,553 ",22.5 ,14.6 
2008,여자,C50,유방,"12,824 ",52.0 ,42.9 
2008,여자,C53,자궁경부,"4,030 ",16.4 ,13.3 
2008,여자,C54,자궁체부,"1,592 ",6.5 ,5.2 
2008,여자,C56,난소,"1,902 ",7.7 ,6.2 
2008,여자,C61,전립선,0 ,0.0 ,
2008,여자,C62,고환,0 ,0.0 ,
2008,여자,C64,신장,"1,015 ",4.1 ,3.1 
2008,여자,C67,방광,668 ,2.7 ,1.7 
2008,여자,C70-C72,뇌 및 중추신경계,790 ,3.2 ,2.8 
2008,여자,C73,갑상선,"23,019 ",93.4 ,81.5 
2008,여자,C81,호지킨림프종,88 ,0.4 ,0.3 
2008,여자,"C82-C86,C96",비호지킨림프종,"1,257 ",5.1 ,3.9 
2008,여자,C90,다발성 골수종,425 ,1.7 ,1.2 
2008,여자,C91-C95,백혈병,"1,147 ",4.7 ,4.1 
2008,여자,Re.C00-C96,기타 암,"5,723 ",23.2 ,16.7 
2009,남녀전체,C00-C96,모든암,"196,777 ",396.3 ,305.9 
2009,남녀전체,C00-C14,"입술, 구강 및 인두","2,592 ",5.2 ,4.1 
2009,남녀전체,C15,식도,"2,173 ",4.4 ,3.1 
2009,남녀전체,C16,위,"30,064 ",60.5 ,45.3 
2009,남녀전체,C18-C20,대장,"25,572 ",51.5 ,38.2 
2009,남녀전체,C22,간,"16,033 ",32.3 ,24.0 
2009,남녀전체,C23-C24,담낭 및 기타담도,"5,032 ",10.1 ,7.1 
2009,남녀전체,C25,췌장,"4,502 ",9.1 ,6.5 
2009,남녀전체,C32,후두,"1,171 ",2.4 ,1.7 
2009,남녀전체,C33-C34,폐,"20,136 ",40.6 ,28.9 
2009,남녀전체,C50,유방,"13,725 ",27.6 ,22.5 
2009,남녀전체,C53,자궁경부,"3,840 ",7.7 ,6.4 
2009,남녀전체,C54,자궁체부,"1,750 ",3.5 ,2.8 
2009,남녀전체,C56,난소,"1,854 ",3.7 ,3.0 
2009,남녀전체,C61,전립선,"7,557 ",15.2 ,10.7 
2009,남녀전체,C62,고환,202 ,0.4 ,0.5 
2009,남녀전체,C64,신장,"3,520 ",7.1 ,5.5 
2009,남녀전체,C67,방광,"3,335 ",6.7 ,4.8 
2009,남녀전체,C70-C72,뇌 및 중추신경계,"1,722 ",3.5 ,3.1 
2009,남녀전체,C73,갑상선,"32,564 ",65.6 ,56.7 
2009,남녀전체,C81,호지킨림프종,220 ,0.4 ,0.4 
2009,남녀전체,"C82-C86,C96",비호지킨림프종,"3,240 ",6.5 ,5.3 
2009,남녀전체,C90,다발성 골수종,"1,037 ",2.1 ,1.5 
2009,남녀전체,C91-C95,백혈병,"2,717 ",5.5 ,4.9 
2009,남녀전체,Re.C00-C96,기타 암,"12,219 ",24.6 ,19.0 
2009,남자,C00-C96,모든암,"101,283 ",407.1 ,341.9 
2009,남자,C00-C14,"입술, 구강 및 인두","1,927 ",7.7 ,6.5 
2009,남자,C15,식도,"2,009 ",8.1 ,6.7 
2009,남자,C16,위,"20,152 ",81.0 ,66.9 
2009,남자,C18-C20,대장,"15,418 ",62.0 ,51.4 
2009,남자,C22,간,"11,989 ",48.2 ,39.2 
2009,남자,C23-C24,담낭 및 기타담도,"2,528 ",10.2 ,8.6 
2009,남자,C25,췌장,"2,475 ",9.9 ,8.3 
2009,남자,C32,후두,"1,103 ",4.4 ,3.6 
2009,남자,C33-C34,폐,"14,304 ",57.5 ,48.4 
2009,남자,C50,유방,62 ,0.2 ,0.2 
2009,남자,C53,자궁경부,0 ,0.0 ,
2009,남자,C54,자궁체부,0 ,0.0 ,
2009,남자,C56,난소,0 ,0.0 ,
2009,남자,C61,전립선,"7,557 ",30.4 ,25.6 
2009,남자,C62,고환,202 ,0.8 ,0.9 
2009,남자,C64,신장,"2,374 ",9.5 ,8.0 
2009,남자,C67,방광,"2,655 ",10.7 ,9.1 
2009,남자,C70-C72,뇌 및 중추신경계,930 ,3.7 ,3.5 
2009,남자,C73,갑상선,"5,251 ",21.1 ,18.5 
2009,남자,C81,호지킨림프종,146 ,0.6 ,0.6 
2009,남자,"C82-C86,C96",비호지킨림프종,"1,878 ",7.5 ,6.6 
2009,남자,C90,다발성 골수종,575 ,2.3 ,1.9 
2009,남자,C91-C95,백혈병,"1,504 ",6.0 ,5.7 
2009,남자,Re.C00-C96,기타 암,"6,244 ",25.1 ,21.9 
2009,여자,C00-C96,모든암,"95,494 ",385.4 ,292.4 
2009,여자,C00-C14,"입술, 구강 및 인두",665 ,2.7 ,2.0 
2009,여자,C15,식도,164 ,0.7 ,0.4 
2009,여자,C16,위,"9,912 ",40.0 ,27.7 
2009,여자,C18-C20,대장,"10,154 ",41.0 ,27.6 
2009,여자,C22,간,"4,044 ",16.3 ,10.7 
2009,여자,C23-C24,담낭 및 기타담도,"2,504 ",10.1 ,6.1 
2009,여자,C25,췌장,"2,027 ",8.2 ,5.0 
2009,여자,C32,후두,68 ,0.3 ,0.2 
2009,여자,C33-C34,폐,"5,832 ",23.5 ,14.8 
2009,여자,C50,유방,"13,663 ",55.1 ,44.6 
2009,여자,C53,자궁경부,"3,840 ",15.5 ,12.4 
2009,여자,C54,자궁체부,"1,750 ",7.1 ,5.6 
2009,여자,C56,난소,"1,854 ",7.5 ,5.9 
2009,여자,C61,전립선,0 ,0.0 ,
2009,여자,C62,고환,0 ,0.0 ,
2009,여자,C64,신장,"1,146 ",4.6 ,3.4 
2009,여자,C67,방광,680 ,2.7 ,1.6 
2009,여자,C70-C72,뇌 및 중추신경계,792 ,3.2 ,2.6 
2009,여자,C73,갑상선,"27,313 ",110.2 ,95.2 
2009,여자,C81,호지킨림프종,74 ,0.3 ,0.3 
2009,여자,"C82-C86,C96",비호지킨림프종,"1,362 ",5.5 ,4.2 
2009,여자,C90,다발성 골수종,462 ,1.9 ,1.3 
2009,여자,C91-C95,백혈병,"1,213 ",4.9 ,4.2 
2009,여자,Re.C00-C96,기타 암,"5,975 ",24.1 ,16.9 
2010,남녀전체,C00-C96,모든암,"208,511 ",418.0 ,314.5 
2010,남녀전체,C00-C14,"입술, 구강 및 인두","2,820 ",5.7 ,4.2 
2010,남녀전체,C15,식도,"2,251 ",4.5 ,3.1 
2010,남녀전체,C16,위,"30,751 ",61.7 ,44.5 
2010,남녀전체,C18-C20,대장,"26,735 ",53.6 ,38.3 
2010,남녀전체,C22,간,"16,200 ",32.5 ,23.3 
2010,남녀전체,C23-C24,담낭 및 기타담도,"5,176 ",10.4 ,7.0 
2010,남녀전체,C25,췌장,"4,759 ",9.5 ,6.5 
2010,남녀전체,C32,후두,"1,183 ",2.4 ,1.7 
2010,남녀전체,C33-C34,폐,"21,348 ",42.8 ,29.3 
2010,남녀전체,C50,유방,"14,735 ",29.5 ,23.6 
2010,남녀전체,C53,자궁경부,"4,018 ",8.1 ,6.5 
2010,남녀전체,C54,자궁체부,"1,809 ",3.6 ,2.8 
2010,남녀전체,C56,난소,"2,071 ",4.2 ,3.3 
2010,남녀전체,C61,전립선,"8,178 ",16.4 ,11.1 
2010,남녀전체,C62,고환,211 ,0.4 ,0.5 
2010,남녀전체,C64,신장,"3,689 ",7.4 ,5.6 
2010,남녀전체,C67,방광,"3,545 ",7.1 ,4.9 
2010,남녀전체,C70-C72,뇌 및 중추신경계,"1,810 ",3.6 ,3.1 
2010,남녀전체,C73,갑상선,"36,844 ",73.9 ,63.3 
2010,남녀전체,C81,호지킨림프종,248 ,0.5 ,0.5 
2010,남녀전체,"C82-C86,C96",비호지킨림프종,"3,383 ",6.8 ,5.4 
2010,남녀전체,C90,다발성 골수종,"1,080 ",2.2 ,1.5 
2010,남녀전체,C91-C95,백혈병,"2,760 ",5.5 ,4.9 
2010,남녀전체,Re.C00-C96,기타 암,"12,907 ",25.9 ,19.4 
2010,남자,C00-C96,모든암,"106,216 ",425.3 ,344.0 
2010,남자,C00-C14,"입술, 구강 및 인두","2,002 ",8.0 ,6.4 
2010,남자,C15,식도,"2,063 ",8.3 ,6.5 
2010,남자,C16,위,"20,585 ",82.4 ,65.4 
2010,남자,C18-C20,대장,"16,203 ",64.9 ,51.7 
2010,남자,C22,간,"12,046 ",48.2 ,37.8 
2010,남자,C23-C24,담낭 및 기타담도,"2,696 ",10.8 ,8.7 
2010,남자,C25,췌장,"2,569 ",10.3 ,8.2 
2010,남자,C32,후두,"1,107 ",4.4 ,3.5 
2010,남자,C33-C34,폐,"15,048 ",60.2 ,48.5 
2010,남자,C50,유방,70 ,0.3 ,0.2 
2010,남자,C53,자궁경부,0 ,0.0 ,
2010,남자,C54,자궁체부,0 ,0.0 ,
2010,남자,C56,난소,0 ,0.0 ,
2010,남자,C61,전립선,"8,178 ",32.7 ,26.4 
2010,남자,C62,고환,211 ,0.8 ,0.9 
2010,남자,C64,신장,"2,583 ",10.3 ,8.4 
2010,남자,C67,방광,"2,855 ",11.4 ,9.3 
2010,남자,C70-C72,뇌 및 중추신경계,970 ,3.9 ,3.5 
2010,남자,C73,갑상선,"6,362 ",25.5 ,22.0 
2010,남자,C81,호지킨림프종,171 ,0.7 ,0.6 
2010,남자,"C82-C86,C96",비호지킨림프종,"1,953 ",7.8 ,6.7 
2010,남자,C90,다발성 골수종,570 ,2.3 ,1.8 
2010,남자,C91-C95,백혈병,"1,573 ",6.3 ,5.8 
2010,남자,Re.C00-C96,기타 암,"6,401 ",25.6 ,21.5 
2010,여자,C00-C96,모든암,"102,295 ",410.8 ,306.6 
2010,여자,C00-C14,"입술, 구강 및 인두",818 ,3.3 ,2.4 
2010,여자,C15,식도,188 ,0.8 ,0.5 
2010,여자,C16,위,"10,166 ",40.8 ,27.3 
2010,여자,C18-C20,대장,"10,532 ",42.3 ,27.3 
2010,여자,C22,간,"4,154 ",16.7 ,10.5 
2010,여자,C23-C24,담낭 및 기타담도,"2,480 ",10.0 ,5.8 
2010,여자,C25,췌장,"2,190 ",8.8 ,5.2 
2010,여자,C32,후두,76 ,0.3 ,0.2 
2010,여자,C33-C34,폐,"6,300 ",25.3 ,15.4 
2010,여자,C50,유방,"14,665 ",58.9 ,46.9 
2010,여자,C53,자궁경부,"4,018 ",16.1 ,12.8 
2010,여자,C54,자궁체부,"1,809 ",7.3 ,5.6 
2010,여자,C56,난소,"2,071 ",8.3 ,6.5 
2010,여자,C61,전립선,0 ,0.0 ,
2010,여자,C62,고환,0 ,0.0 ,
2010,여자,C64,신장,"1,106 ",4.4 ,3.2 
2010,여자,C67,방광,690 ,2.8 ,1.6 
2010,여자,C70-C72,뇌 및 중추신경계,840 ,3.4 ,2.8 
2010,여자,C73,갑상선,"30,482 ",122.4 ,105.1 
2010,여자,C81,호지킨림프종,77 ,0.3 ,0.3 
2010,여자,"C82-C86,C96",비호지킨림프종,"1,430 ",5.7 ,4.2 
2010,여자,C90,다발성 골수종,510 ,2.0 ,1.3 
2010,여자,C91-C95,백혈병,"1,187 ",4.8 ,4.0 
2010,여자,Re.C00-C96,기타 암,"6,506 ",26.1 ,17.8 
2011,남녀전체,C00-C96,모든암,"222,640 ",444.3 ,326.6 
2011,남녀전체,C00-C14,"입술, 구강 및 인두","2,946 ",5.9 ,4.3 
2011,남녀전체,C15,식도,"2,289 ",4.6 ,3.1 
2011,남녀전체,C16,위,"32,016 ",63.9 ,44.7 
2011,남녀전체,C18-C20,대장,"28,713 ",57.3 ,39.8 
2011,남녀전체,C22,간,"16,418 ",32.8 ,22.8 
2011,남녀전체,C23-C24,담낭 및 기타담도,"5,436 ",10.8 ,7.0 
2011,남녀전체,C25,췌장,"5,174 ",10.3 ,6.9 
2011,남녀전체,C32,후두,"1,134 ",2.3 ,1.5 
2011,남녀전체,C33-C34,폐,"22,297 ",44.5 ,29.4 
2011,남녀전체,C50,유방,"16,241 ",32.4 ,25.5 
2011,남녀전체,C53,자궁경부,"3,818 ",7.6 ,6.1 
2011,남녀전체,C54,자궁체부,"1,957 ",3.9 ,3.0 
2011,남녀전체,C56,난소,"2,075 ",4.1 ,3.3 
2011,남녀전체,C61,전립선,"9,140 ",18.2 ,12.0 
2011,남녀전체,C62,고환,228 ,0.5 ,0.5 
2011,남녀전체,C64,신장,"4,036 ",8.1 ,6.0 
2011,남녀전체,C67,방광,"3,672 ",7.3 ,4.8 
2011,남녀전체,C70-C72,뇌 및 중추신경계,"1,680 ",3.4 ,2.8 
2011,남녀전체,C73,갑상선,"41,357 ",82.5 ,70.0 
2011,남녀전체,C81,호지킨림프종,265 ,0.5 ,0.5 
2011,남녀전체,"C82-C86,C96",비호지킨림프종,"3,664 ",7.3 ,5.7 
2011,남녀전체,C90,다발성 골수종,"1,078 ",2.2 ,1.5 
2011,남녀전체,C91-C95,백혈병,"2,900 ",5.8 ,5.0 
2011,남녀전체,Re.C00-C96,기타 암,"14,106 ",28.1 ,20.4 
2011,남자,C00-C96,모든암,"112,417 ",448.2 ,350.7 
2011,남자,C00-C14,"입술, 구강 및 인두","2,152 ",8.6 ,6.7 
2011,남자,C15,식도,"2,091 ",8.3 ,6.3 
2011,남자,C16,위,"21,580 ",86.0 ,65.8 
2011,남자,C18-C20,대장,"17,524 ",69.9 ,53.9 
2011,남자,C22,간,"12,179 ",48.6 ,36.7 
2011,남자,C23-C24,담낭 및 기타담도,"2,745 ",10.9 ,8.5 
2011,남자,C25,췌장,"2,858 ",11.4 ,8.8 
2011,남자,C32,후두,"1,067 ",4.3 ,3.2 
2011,남자,C33-C34,폐,"15,510 ",61.8 ,47.8 
2011,남자,C50,유방,75 ,0.3 ,0.2 
2011,남자,C53,자궁경부,0 ,0.0 ,
2011,남자,C54,자궁체부,0 ,0.0 ,
2011,남자,C56,난소,0 ,0.0 ,
2011,남자,C61,전립선,"9,140 ",36.4 ,28.1 
2011,남자,C62,고환,228 ,0.9 ,1.0 
2011,남자,C64,신장,"2,760 ",11.0 ,8.7 
2011,남자,C67,방광,"2,957 ",11.8 ,9.2 
2011,남자,C70-C72,뇌 및 중추신경계,888 ,3.5 ,3.2 
2011,남자,C73,갑상선,"7,115 ",28.4 ,24.4 
2011,남자,C81,호지킨림프종,167 ,0.7 ,0.6 
2011,남자,"C82-C86,C96",비호지킨림프종,"2,113 ",8.4 ,7.1 
2011,남자,C90,다발성 골수종,609 ,2.4 ,1.9 
2011,남자,C91-C95,백혈병,"1,618 ",6.5 ,5.9 
2011,남자,Re.C00-C96,기타 암,"7,041 ",28.1 ,22.9 
2011,여자,C00-C96,모든암,"110,223 ",440.4 ,323.6 
2011,여자,C00-C14,"입술, 구강 및 인두",794 ,3.2 ,2.3 
2011,여자,C15,식도,198 ,0.8 ,0.5 
2011,여자,C16,위,"10,436 ",41.7 ,27.3 
2011,여자,C18-C20,대장,"11,189 ",44.7 ,28.2 
2011,여자,C22,간,"4,239 ",16.9 ,10.4 
2011,여자,C23-C24,담낭 및 기타담도,"2,691 ",10.8 ,6.0 
2011,여자,C25,췌장,"2,316 ",9.3 ,5.3 
2011,여자,C32,후두,67 ,0.3 ,0.2 
2011,여자,C33-C34,폐,"6,787 ",27.1 ,15.9 
2011,여자,C50,유방,"16,166 ",64.6 ,50.7 
2011,여자,C53,자궁경부,"3,818 ",15.3 ,11.9 
2011,여자,C54,자궁체부,"1,957 ",7.8 ,5.9 
2011,여자,C56,난소,"2,075 ",8.3 ,6.5 
2011,여자,C61,전립선,0 ,0.0 ,
2011,여자,C62,고환,0 ,0.0 ,
2011,여자,C64,신장,"1,276 ",5.1 ,3.6 
2011,여자,C67,방광,715 ,2.9 ,1.6 
2011,여자,C70-C72,뇌 및 중추신경계,792 ,3.2 ,2.5 
2011,여자,C73,갑상선,"34,242 ",136.8 ,116.1 
2011,여자,C81,호지킨림프종,98 ,0.4 ,0.4 
2011,여자,"C82-C86,C96",비호지킨림프종,"1,551 ",6.2 ,4.5 
2011,여자,C90,다발성 골수종,469 ,1.9 ,1.1 
2011,여자,C91-C95,백혈병,"1,282 ",5.1 ,4.3 
2011,여자,Re.C00-C96,기타 암,"7,065 ",28.2 ,18.5 
2012,남녀전체,C00-C96,모든암,"228,560 ",454.0 ,325.7 
2012,남녀전체,C00-C14,"입술, 구강 및 인두","3,000 ",6.0 ,4.3 
2012,남녀전체,C15,식도,"2,389 ",4.7 ,3.1 
2012,남녀전체,C16,위,"31,180 ",61.9 ,41.9 
2012,남녀전체,C18-C20,대장,"29,582 ",58.8 ,39.4 
2012,남녀전체,C22,간,"16,162 ",32.1 ,21.5 
2012,남녀전체,C23-C24,담낭 및 기타담도,"5,576 ",11.1 ,6.9 
2012,남녀전체,C25,췌장,"5,510 ",10.9 ,7.0 
2012,남녀전체,C32,후두,"1,126 ",2.2 ,1.5 
2012,남녀전체,C33-C34,폐,"22,614 ",44.9 ,28.5 
2012,남녀전체,C50,유방,"16,834 ",33.4 ,25.9 
2012,남녀전체,C53,자궁경부,"3,685 ",7.3 ,5.8 
2012,남녀전체,C54,자궁체부,"2,015 ",4.0 ,3.0 
2012,남녀전체,C56,난소,"2,237 ",4.4 ,3.4 
2012,남녀전체,C61,전립선,"9,434 ",18.7 ,11.8 
2012,남녀전체,C62,고환,248 ,0.5 ,0.6 
2012,남녀전체,C64,신장,"4,218 ",8.4 ,6.0 
2012,남녀전체,C67,방광,"3,627 ",7.2 ,4.6 
2012,남녀전체,C70-C72,뇌 및 중추신경계,"1,748 ",3.5 ,2.9 
2012,남녀전체,C73,갑상선,"44,748 ",88.9 ,74.8 
2012,남녀전체,C81,호지킨림프종,269 ,0.5 ,0.5 
2012,남녀전체,"C82-C86,C96",비호지킨림프종,"3,776 ",7.5 ,5.7 
2012,남녀전체,C90,다발성 골수종,"1,295 ",2.6 ,1.7 
2012,남녀전체,C91-C95,백혈병,"2,873 ",5.7 ,4.8 
2012,남녀전체,Re.C00-C96,기타 암,"14,414 ",28.6 ,20.1 
2012,남자,C00-C96,모든암,"114,516 ",454.7 ,343.6 
2012,남자,C00-C14,"입술, 구강 및 인두","2,197 ",8.7 ,6.6 
2012,남자,C15,식도,"2,164 ",8.6 ,6.2 
2012,남자,C16,위,"21,047 ",83.6 ,61.6 
2012,남자,C18-C20,대장,"17,799 ",70.7 ,52.4 
2012,남자,C22,간,"12,118 ",48.1 ,35.1 
2012,남자,C23-C24,담낭 및 기타담도,"2,863 ",11.4 ,8.4 
2012,남자,C25,췌장,"2,996 ",11.9 ,8.8 
2012,남자,C32,후두,"1,062 ",4.2 ,3.1 
2012,남자,C33-C34,폐,"15,661 ",62.2 ,45.9 
2012,남자,C50,유방,70 ,0.3 ,0.2 
2012,남자,C53,자궁경부,0 ,0.0 ,
2012,남자,C54,자궁체부,0 ,0.0 ,
2012,남자,C56,난소,0 ,0.0 ,
2012,남자,C61,전립선,"9,434 ",37.5 ,27.6 
2012,남자,C62,고환,248 ,1.0 ,1.1 
2012,남자,C64,신장,"2,922 ",11.6 ,8.8 
2012,남자,C67,방광,"2,918 ",11.6 ,8.6 
2012,남자,C70-C72,뇌 및 중추신경계,954 ,3.8 ,3.4 
2012,남자,C73,갑상선,"8,186 ",32.5 ,27.9 
2012,남자,C81,호지킨림프종,179 ,0.7 ,0.7 
2012,남자,"C82-C86,C96",비호지킨림프종,"2,194 ",8.7 ,7.0 
2012,남자,C90,다발성 골수종,707 ,2.8 ,2.1 
2012,남자,C91-C95,백혈병,"1,624 ",6.4 ,5.8 
2012,남자,Re.C00-C96,기타 암,"7,173 ",28.5 ,22.4 
2012,여자,C00-C96,모든암,"114,044 ",453.3 ,327.6 
2012,여자,C00-C14,"입술, 구강 및 인두",803 ,3.2 ,2.2 
2012,여자,C15,식도,225 ,0.9 ,0.5 
2012,여자,C16,위,"10,133 ",40.3 ,25.4 
2012,여자,C18-C20,대장,"11,783 ",46.8 ,28.6 
2012,여자,C22,간,"4,044 ",16.1 ,9.5 
2012,여자,C23-C24,담낭 및 기타담도,"2,713 ",10.8 ,5.8 
2012,여자,C25,췌장,"2,514 ",10.0 ,5.5 
2012,여자,C32,후두,64 ,0.3 ,0.1 
2012,여자,C33-C34,폐,"6,953 ",27.6 ,15.8 
2012,여자,C50,유방,"16,764 ",66.6 ,51.5 
2012,여자,C53,자궁경부,"3,685 ",14.6 ,11.4 
2012,여자,C54,자궁체부,"2,015 ",8.0 ,6.0 
2012,여자,C56,난소,"2,237 ",8.9 ,6.7 
2012,여자,C61,전립선,0 ,0.0 ,
2012,여자,C62,고환,0 ,0.0 ,
2012,여자,C64,신장,"1,296 ",5.2 ,3.5 
2012,여자,C67,방광,709 ,2.8 ,1.5 
2012,여자,C70-C72,뇌 및 중추신경계,794 ,3.2 ,2.5 
2012,여자,C73,갑상선,"36,562 ",145.3 ,122.4 
2012,여자,C81,호지킨림프종,90 ,0.4 ,0.4 
2012,여자,"C82-C86,C96",비호지킨림프종,"1,582 ",6.3 ,4.6 
2012,여자,C90,다발성 골수종,588 ,2.3 ,1.5 
2012,여자,C91-C95,백혈병,"1,249 ",5.0 ,4.0 
2012,여자,Re.C00-C96,기타 암,"7,241 ",28.8 ,18.3 
2013,남녀전체,C00-C96,모든암,"229,386 ",453.7 ,317.1 
2013,남녀전체,C00-C14,"입술, 구강 및 인두","3,118 ",6.2 ,4.3 
2013,남녀전체,C15,식도,"2,406 ",4.8 ,3.0 
2013,남녀전체,C16,위,"30,512 ",60.3 ,39.3 
2013,남녀전체,C18-C20,대장,"28,169 ",55.7 ,35.9 
2013,남녀전체,C22,간,"16,045 ",31.7 ,20.6 
2013,남녀전체,C23-C24,담낭 및 기타담도,"5,805 ",11.5 ,6.8 
2013,남녀전체,C25,췌장,"5,588 ",11.1 ,6.8 
2013,남녀전체,C32,후두,"1,221 ",2.4 ,1.5 
2013,남녀전체,C33-C34,폐,"23,623 ",46.7 ,28.4 
2013,남녀전체,C50,유방,"17,550 ",34.7 ,26.6 
2013,남녀전체,C53,자궁경부,"3,719 ",7.4 ,5.8 
2013,남녀전체,C54,자궁체부,"2,259 ",4.5 ,3.3 
2013,남녀전체,C56,난소,"2,295 ",4.5 ,3.4 
2013,남녀전체,C61,전립선,"9,727 ",19.2 ,11.6 
2013,남녀전체,C62,고환,257 ,0.5 ,0.6 
2013,남녀전체,C64,신장,"4,388 ",8.7 ,6.1 
2013,남녀전체,C67,방광,"3,885 ",7.7 ,4.7 
2013,남녀전체,C70-C72,뇌 및 중추신경계,"1,869 ",3.7 ,3.0 
2013,남녀전체,C73,갑상선,"43,104 ",85.3 ,72.2 
2013,남녀전체,C81,호지킨림프종,264 ,0.5 ,0.5 
2013,남녀전체,"C82-C86,C96",비호지킨림프종,"4,006 ",7.9 ,5.8 
2013,남녀전체,C90,다발성 골수종,"1,350 ",2.7 ,1.7 
2013,남녀전체,C91-C95,백혈병,"3,072 ",6.1 ,5.0 
2013,남녀전체,Re.C00-C96,기타 암,"15,154 ",30.0 ,20.3 
2013,남자,C00-C96,모든암,"115,744 ",457.8 ,333.9 
2013,남자,C00-C14,"입술, 구강 및 인두","2,238 ",8.9 ,6.5 
2013,남자,C15,식도,"2,205 ",8.7 ,6.1 
2013,남자,C16,위,"20,487 ",81.0 ,57.4 
2013,남자,C18-C20,대장,"16,928 ",67.0 ,47.9 
2013,남자,C22,간,"12,034 ",47.6 ,33.5 
2013,남자,C23-C24,담낭 및 기타담도,"3,013 ",11.9 ,8.4 
2013,남자,C25,췌장,"3,017 ",11.9 ,8.4 
2013,남자,C32,후두,"1,138 ",4.5 ,3.1 
2013,남자,C33-C34,폐,"16,454 ",65.1 ,45.7 
2013,남자,C50,유방,63 ,0.2 ,0.2 
2013,남자,C53,자궁경부,0 ,0.0 ,
2013,남자,C54,자궁체부,0 ,0.0 ,
2013,남자,C56,난소,0 ,0.0 ,
2013,남자,C61,전립선,"9,727 ",38.5 ,26.8 
2013,남자,C62,고환,257 ,1.0 ,1.1 
2013,남자,C64,신장,"3,020 ",11.9 ,8.9 
2013,남자,C67,방광,"3,123 ",12.4 ,8.8 
2013,남자,C70-C72,뇌 및 중추신경계,961 ,3.8 ,3.2 
2013,남자,C73,갑상선,"8,563 ",33.9 ,29.2 
2013,남자,C81,호지킨림프종,171 ,0.7 ,0.6 
2013,남자,"C82-C86,C96",비호지킨림프종,"2,314 ",9.2 ,7.2 
2013,남자,C90,다발성 골수종,703 ,2.8 ,1.9 
2013,남자,C91-C95,백혈병,"1,755 ",6.9 ,6.0 
2013,남자,Re.C00-C96,기타 암,"7,573 ",30.0 ,22.9 
2013,여자,C00-C96,모든암,"113,642 ",449.6 ,318.9 
2013,여자,C00-C14,"입술, 구강 및 인두",880 ,3.5 ,2.4 
2013,여자,C15,식도,201 ,0.8 ,0.4 
2013,여자,C16,위,"10,025 ",39.7 ,24.2 
2013,여자,C18-C20,대장,"11,241 ",44.5 ,26.0 
2013,여자,C22,간,"4,011 ",15.9 ,9.0 
2013,여자,C23-C24,담낭 및 기타담도,"2,792 ",11.0 ,5.6 
2013,여자,C25,췌장,"2,571 ",10.2 ,5.4 
2013,여자,C32,후두,83 ,0.3 ,0.2 
2013,여자,C33-C34,폐,"7,169 ",28.4 ,15.6 
2013,여자,C50,유방,"17,487 ",69.2 ,52.9 
2013,여자,C53,자궁경부,"3,719 ",14.7 ,11.4 
2013,여자,C54,자궁체부,"2,259 ",8.9 ,6.5 
2013,여자,C56,난소,"2,295 ",9.1 ,6.7 
2013,여자,C61,전립선,0 ,0.0 ,
2013,여자,C62,고환,0 ,0.0 ,
2013,여자,C64,신장,"1,368 ",5.4 ,3.6 
2013,여자,C67,방광,762 ,3.0 ,1.5 
2013,여자,C70-C72,뇌 및 중추신경계,908 ,3.6 ,2.8 
2013,여자,C73,갑상선,"34,541 ",136.7 ,115.9 
2013,여자,C81,호지킨림프종,93 ,0.4 ,0.4 
2013,여자,"C82-C86,C96",비호지킨림프종,"1,692 ",6.7 ,4.5 
2013,여자,C90,다발성 골수종,647 ,2.6 ,1.5 
2013,여자,C91-C95,백혈병,"1,317 ",5.2 ,4.1 
2013,여자,Re.C00-C96,기타 암,"7,581 ",30.0 ,18.3 
2014,남녀전체,C00-C96,모든암,"221,009 ",435.4 ,294.3 
2014,남녀전체,C00-C14,"입술, 구강 및 인두","3,283 ",6.5 ,4.4 
2014,남녀전체,C15,식도,"2,385 ",4.7 ,2.8 
2014,남녀전체,C16,위,"30,198 ",59.5 ,37.6 
2014,남녀전체,C18-C20,대장,"27,471 ",54.1 ,33.7 
2014,남녀전체,C22,간,"15,950 ",31.4 ,19.7 
2014,남녀전체,C23-C24,담낭 및 기타담도,"6,133 ",12.1 ,6.9 
2014,남녀전체,C25,췌장,"6,048 ",11.9 ,7.0 
2014,남녀전체,C32,후두,"1,132 ",2.2 ,1.4 
2014,남녀전체,C33-C34,폐,"24,512 ",48.3 ,28.3 
2014,남녀전체,C50,유방,"18,575 ",36.6 ,27.6 
2014,남녀전체,C53,자궁경부,"3,593 ",7.1 ,5.6 
2014,남녀전체,C54,자궁체부,"2,252 ",4.4 ,3.3 
2014,남녀전체,C56,난소,"2,489 ",4.9 ,3.7 
2014,남녀전체,C61,전립선,"9,991 ",19.7 ,11.4 
2014,남녀전체,C62,고환,260 ,0.5 ,0.6 
2014,남녀전체,C64,신장,"4,559 ",9.0 ,6.2 
2014,남녀전체,C67,방광,"4,078 ",8.0 ,4.7 
2014,남녀전체,C70-C72,뇌 및 중추신경계,"1,778 ",3.5 ,2.8 
2014,남녀전체,C73,갑상선,"31,312 ",61.7 ,52.4 
2014,남녀전체,C81,호지킨림프종,282 ,0.6 ,0.5 
2014,남녀전체,"C82-C86,C96",비호지킨림프종,"4,112 ",8.1 ,5.9 
2014,남녀전체,C90,다발성 골수종,"1,427 ",2.8 ,1.7 
2014,남녀전체,C91-C95,백혈병,"3,114 ",6.1 ,5.0 
2014,남녀전체,Re.C00-C96,기타 암,"16,075 ",31.7 ,21.1 
2014,남자,C00-C96,모든암,"114,949 ",453.0 ,318.1 
2014,남자,C00-C14,"입술, 구강 및 인두","2,323 ",9.2 ,6.5 
2014,남자,C15,식도,"2,169 ",8.5 ,5.7 
2014,남자,C16,위,"20,313 ",80.1 ,54.7 
2014,남자,C18-C20,대장,"16,482 ",65.0 ,44.6 
2014,남자,C22,간,"11,933 ",47.0 ,32.1 
2014,남자,C23-C24,담낭 및 기타담도,"3,181 ",12.5 ,8.4 
2014,남자,C25,췌장,"3,242 ",12.8 ,8.7 
2014,남자,C32,후두,"1,069 ",4.2 ,2.8 
2014,남자,C33-C34,폐,"17,062 ",67.2 ,45.2 
2014,남자,C50,유방,78 ,0.3 ,0.2 
2014,남자,C53,자궁경부,0 ,0.0 ,
2014,남자,C54,자궁체부,0 ,0.0 ,
2014,남자,C56,난소,0 ,0.0 ,
2014,남자,C61,전립선,"9,991 ",39.4 ,26.2 
2014,남자,C62,고환,260 ,1.0 ,1.2 
2014,남자,C64,신장,"3,164 ",12.5 ,9.1 
2014,남자,C67,방광,"3,292 ",13.0 ,8.9 
2014,남자,C70-C72,뇌 및 중추신경계,941 ,3.7 ,3.1 
2014,남자,C73,갑상선,"6,284 ",24.8 ,21.2 
2014,남자,C81,호지킨림프종,171 ,0.7 ,0.6 
2014,남자,"C82-C86,C96",비호지킨림프종,"2,397 ",9.4 ,7.3 
2014,남자,C90,다발성 골수종,775 ,3.1 ,2.1 
2014,남자,C91-C95,백혈병,"1,787 ",7.0 ,6.0 
2014,남자,Re.C00-C96,기타 암,"8,035 ",31.7 ,23.5 
2014,여자,C00-C96,모든암,"106,060 ",417.7 ,287.9 
2014,여자,C00-C14,"입술, 구강 및 인두",960 ,3.8 ,2.5 
2014,여자,C15,식도,216 ,0.9 ,0.5 
2014,여자,C16,위,"9,885 ",38.9 ,23.2 
2014,여자,C18-C20,대장,"10,989 ",43.3 ,24.5 
2014,여자,C22,간,"4,017 ",15.8 ,8.7 
2014,여자,C23-C24,담낭 및 기타담도,"2,952 ",11.6 ,5.7 
2014,여자,C25,췌장,"2,806 ",11.1 ,5.7 
2014,여자,C32,후두,63 ,0.2 ,0.1 
2014,여자,C33-C34,폐,"7,450 ",29.3 ,15.7 
2014,여자,C50,유방,"18,497 ",72.9 ,54.9 
2014,여자,C53,자궁경부,"3,593 ",14.2 ,11.0 
2014,여자,C54,자궁체부,"2,252 ",8.9 ,6.5 
2014,여자,C56,난소,"2,489 ",9.8 ,7.3 
2014,여자,C61,전립선,0 ,0.0 ,
2014,여자,C62,고환,0 ,0.0 ,
2014,여자,C64,신장,"1,395 ",5.5 ,3.5 
2014,여자,C67,방광,786 ,3.1 ,1.5 
2014,여자,C70-C72,뇌 및 중추신경계,837 ,3.3 ,2.5 
2014,여자,C73,갑상선,"25,028 ",98.6 ,84.4 
2014,여자,C81,호지킨림프종,111 ,0.4 ,0.4 
2014,여자,"C82-C86,C96",비호지킨림프종,"1,715 ",6.8 ,4.6 
2014,여자,C90,다발성 골수종,652 ,2.6 ,1.4 
2014,여자,C91-C95,백혈병,"1,327 ",5.2 ,4.2 
2014,여자,Re.C00-C96,기타 암,"8,040 ",31.7 ,19.2 
2015,남녀전체,C00-C96,모든암,"218,204 ",428.3 ,280.4 
2015,남녀전체,C00-C14,"입술, 구강 및 인두","3,367 ",6.6 ,4.4 
2015,남녀전체,C15,식도,"2,456 ",4.8 ,2.8 
2015,남녀전체,C16,위,"29,449 ",57.8 ,35.5 
2015,남녀전체,C18-C20,대장,"27,248 ",53.5 ,32.1 
2015,남녀전체,C22,간,"15,971 ",31.3 ,19.0 
2015,남녀전체,C23-C24,담낭 및 기타담도,"6,319 ",12.4 ,6.8 
2015,남녀전체,C25,췌장,"6,411 ",12.6 ,7.2 
2015,남녀전체,C32,후두,"1,162 ",2.3 ,1.3 
2015,남녀전체,C33-C34,폐,"24,724 ",48.5 ,27.3 
2015,남녀전체,C50,유방,"19,406 ",38.1 ,28.3 
2015,남녀전체,C53,자궁경부,"3,662 ",7.2 ,5.6 
2015,남녀전체,C54,자궁체부,"2,443 ",4.8 ,3.4 
2015,남녀전체,C56,난소,"2,497 ",4.9 ,3.5 
2015,남녀전체,C61,전립선,"10,389 ",20.4 ,11.4 
2015,남녀전체,C62,고환,289 ,0.6 ,0.7 
2015,남녀전체,C64,신장,"4,623 ",9.1 ,6.1 
2015,남녀전체,C67,방광,"4,137 ",8.1 ,4.6 
2015,남녀전체,C70-C72,뇌 및 중추신경계,"1,817 ",3.6 ,2.9 
2015,남녀전체,C73,갑상선,"25,523 ",50.1 ,42.9 
2015,남녀전체,C81,호지킨림프종,273 ,0.5 ,0.5 
2015,남녀전체,"C82-C86,C96",비호지킨림프종,"4,451 ",8.7 ,6.1 
2015,남녀전체,C90,다발성 골수종,"1,480 ",2.9 ,1.7 
2015,남녀전체,C91-C95,백혈병,"3,286 ",6.4 ,5.3 
2015,남녀전체,Re.C00-C96,기타 암,"16,821 ",33.0 ,21.1 
2015,남자,C00-C96,모든암,"115,103 ",452.1 ,306.0 
2015,남자,C00-C14,"입술, 구강 및 인두","2,432 ",9.6 ,6.5 
2015,남자,C15,식도,"2,234 ",8.8 ,5.6 
2015,남자,C16,위,"19,739 ",77.5 ,51.1 
2015,남자,C18-C20,대장,"16,182 ",63.6 ,42.1 
2015,남자,C22,간,"11,882 ",46.7 ,30.7 
2015,남자,C23-C24,담낭 및 기타담도,"3,256 ",12.8 ,8.2 
2015,남자,C25,췌장,"3,391 ",13.3 ,8.7 
2015,남자,C32,후두,"1,095 ",4.3 ,2.8 
2015,남자,C33-C34,폐,"17,292 ",67.9 ,43.6 
2015,남자,C50,유방,79 ,0.3 ,0.2 
2015,남자,C53,자궁경부,0 ,0.0 ,
2015,남자,C54,자궁체부,0 ,0.0 ,
2015,남자,C56,난소,0 ,0.0 ,
2015,남자,C61,전립선,"10,389 ",40.8 ,25.9 
2015,남자,C62,고환,289 ,1.1 ,1.3 
2015,남자,C64,신장,"3,181 ",12.5 ,8.8 
2015,남자,C67,방광,"3,321 ",13.0 ,8.4 
2015,남자,C70-C72,뇌 및 중추신경계,976 ,3.8 ,3.3 
2015,남자,C73,갑상선,"5,473 ",21.5 ,18.6 
2015,남자,C81,호지킨림프종,174 ,0.7 ,0.6 
2015,남자,"C82-C86,C96",비호지킨림프종,"2,564 ",10.1 ,7.6 
2015,남자,C90,다발성 골수종,775 ,3.0 ,2.0 
2015,남자,C91-C95,백혈병,"1,857 ",7.3 ,6.2 
2015,남자,Re.C00-C96,기타 암,"8,522 ",33.5 ,23.8 
2015,여자,C00-C96,모든암,"103,101 ",404.4 ,270.8 
2015,여자,C00-C14,"입술, 구강 및 인두",935 ,3.7 ,2.5 
2015,여자,C15,식도,222 ,0.9 ,0.4 
2015,여자,C16,위,"9,710 ",38.1 ,22.2 
2015,여자,C18-C20,대장,"11,066 ",43.4 ,23.7 
2015,여자,C22,간,"4,089 ",16.0 ,8.5 
2015,여자,C23-C24,담낭 및 기타담도,"3,063 ",12.0 ,5.7 
2015,여자,C25,췌장,"3,020 ",11.8 ,5.9 
2015,여자,C32,후두,67 ,0.3 ,0.1 
2015,여자,C33-C34,폐,"7,432 ",29.2 ,15.1 
2015,여자,C50,유방,"19,327 ",75.8 ,56.4 
2015,여자,C53,자궁경부,"3,662 ",14.4 ,11.1 
2015,여자,C54,자궁체부,"2,443 ",9.6 ,6.8 
2015,여자,C56,난소,"2,497 ",9.8 ,7.0 
2015,여자,C61,전립선,0 ,0.0 ,
2015,여자,C62,고환,0 ,0.0 ,
2015,여자,C64,신장,"1,442 ",5.7 ,3.6 
2015,여자,C67,방광,816 ,3.2 ,1.6 
2015,여자,C70-C72,뇌 및 중추신경계,841 ,3.3 ,2.6 
2015,여자,C73,갑상선,"20,050 ",78.6 ,67.7 
2015,여자,C81,호지킨림프종,99 ,0.4 ,0.4 
2015,여자,"C82-C86,C96",비호지킨림프종,"1,887 ",7.4 ,4.8 
2015,여자,C90,다발성 골수종,705 ,2.8 ,1.5 
2015,여자,C91-C95,백혈병,"1,429 ",5.6 ,4.4 
2015,여자,Re.C00-C96,기타 암,"8,299 ",32.6 ,18.9 
2016,남녀전체,C00-C96,모든암,"232,621 ",455.1 ,291.2 
2016,남녀전체,C00-C14,"입술, 구강 및 인두","3,607 ",7.1 ,4.6 
2016,남녀전체,C15,식도,"2,531 ",5.0 ,2.8 
2016,남녀전체,C16,위,"30,766 ",60.2 ,35.7 
2016,남녀전체,C18-C20,대장,"28,533 ",55.8 ,32.3 
2016,남녀전체,C22,간,"15,964 ",31.2 ,18.3 
2016,남녀전체,C23-C24,담낭 및 기타담도,"6,761 ",13.2 ,6.9 
2016,남녀전체,C25,췌장,"6,757 ",13.2 ,7.3 
2016,남녀전체,C32,후두,"1,188 ",2.3 ,1.3 
2016,남녀전체,C33-C34,폐,"26,250 ",51.4 ,28.0 
2016,남녀전체,C50,유방,"21,989 ",43.0 ,31.6 
2016,남녀전체,C53,자궁경부,"3,618 ",7.1 ,5.5 
2016,남녀전체,C54,자궁체부,"2,801 ",5.5 ,3.8 
2016,남녀전체,C56,난소,"2,689 ",5.3 ,3.7 
2016,남녀전체,C61,전립선,"12,002 ",23.5 ,12.7 
2016,남녀전체,C62,고환,291 ,0.6 ,0.7 
2016,남녀전체,C64,신장,"5,115 ",10.0 ,6.6 
2016,남녀전체,C67,방광,"4,444 ",8.7 ,4.7 
2016,남녀전체,C70-C72,뇌 및 중추신경계,"2,048 ",4.0 ,3.2 
2016,남녀전체,C73,갑상선,"26,599 ",52.0 ,45.0 
2016,남녀전체,C81,호지킨림프종,315 ,0.6 ,0.6 
2016,남녀전체,"C82-C86,C96",비호지킨림프종,"4,832 ",9.5 ,6.5 
2016,남녀전체,C90,다발성 골수종,"1,556 ",3.0 ,1.7 
2016,남녀전체,C91-C95,백혈병,"3,437 ",6.7 ,5.4 
2016,남녀전체,Re.C00-C96,기타 암,"18,528 ",36.2 ,22.4 
2016,남자,C00-C96,모든암,"121,866 ",477.4 ,312.3 
2016,남자,C00-C14,"입술, 구강 및 인두","2,569 ",10.1 ,6.8 
2016,남자,C15,식도,"2,275 ",8.9 ,5.5 
2016,남자,C16,위,"20,690 ",81.0 ,51.3 
2016,남자,C18-C20,대장,"16,932 ",66.3 ,42.3 
2016,남자,C22,간,"11,904 ",46.6 ,29.6 
2016,남자,C23-C24,담낭 및 기타담도,"3,530 ",13.8 ,8.5 
2016,남자,C25,췌장,"3,427 ",13.4 ,8.4 
2016,남자,C32,후두,"1,120 ",4.4 ,2.7 
2016,남자,C33-C34,폐,"18,090 ",70.9 ,43.6 
2016,남자,C50,유방,95 ,0.4 ,0.2 
2016,남자,C53,자궁경부,0 ,0.0 ,
2016,남자,C54,자궁체부,0 ,0.0 ,
2016,남자,C56,난소,0 ,0.0 ,
2016,남자,C61,전립선,"12,002 ",47.0 ,28.7 
2016,남자,C62,고환,291 ,1.1 ,1.3 
2016,남자,C64,신장,"3,457 ",13.5 ,9.4 
2016,남자,C67,방광,"3,556 ",13.9 ,8.7 
2016,남자,C70-C72,뇌 및 중추신경계,"1,116 ",4.4 ,3.6 
2016,남자,C73,갑상선,"5,660 ",22.2 ,19.4 
2016,남자,C81,호지킨림프종,205 ,0.8 ,0.7 
2016,남자,"C82-C86,C96",비호지킨림프종,"2,808 ",11.0 ,8.1 
2016,남자,C90,다발성 골수종,845 ,3.3 ,2.1 
2016,남자,C91-C95,백혈병,"1,999 ",7.8 ,6.5 
2016,남자,Re.C00-C96,기타 암,"9,295 ",36.4 ,25.0 
2016,여자,C00-C96,모든암,"110,755 ",432.9 ,285.6 
2016,여자,C00-C14,"입술, 구강 및 인두","1,038 ",4.1 ,2.6 
2016,여자,C15,식도,256 ,1.0 ,0.5 
2016,여자,C16,위,"10,076 ",39.4 ,22.2 
2016,여자,C18-C20,대장,"11,601 ",45.3 ,23.7 
2016,여자,C22,간,"4,060 ",15.9 ,8.1 
2016,여자,C23-C24,담낭 및 기타담도,"3,231 ",12.6 ,5.7 
2016,여자,C25,췌장,"3,330 ",13.0 ,6.3 
2016,여자,C32,후두,68 ,0.3 ,0.1 
2016,여자,C33-C34,폐,"8,160 ",31.9 ,16.2 
2016,여자,C50,유방,"21,894 ",85.6 ,62.9 
2016,여자,C53,자궁경부,"3,618 ",14.1 ,10.9 
2016,여자,C54,자궁체부,"2,801 ",10.9 ,7.6 
2016,여자,C56,난소,"2,689 ",10.5 ,7.4 
2016,여자,C61,전립선,0 ,0.0 ,
2016,여자,C62,고환,0 ,0.0 ,
2016,여자,C64,신장,"1,658 ",6.5 ,4.0 
2016,여자,C67,방광,888 ,3.5 ,1.6 
2016,여자,C70-C72,뇌 및 중추신경계,932 ,3.6 ,2.8 
2016,여자,C73,갑상선,"20,939 ",81.8 ,71.2 
2016,여자,C81,호지킨림프종,110 ,0.4 ,0.4 
2016,여자,"C82-C86,C96",비호지킨림프종,"2,024 ",7.9 ,5.1 
2016,여자,C90,다발성 골수종,711 ,2.8 ,1.4 
2016,여자,C91-C95,백혈병,"1,438 ",5.6 ,4.5 
2016,여자,Re.C00-C96,기타 암,"9,233 ",36.1 ,20.3 
2017,남녀전체,C00-C96,모든암,"236,190 ",461.0 ,287.7 
2017,남녀전체,C00-C14,"입술, 구강 및 인두","3,743 ",7.3 ,4.6 
2017,남녀전체,C15,식도,"2,527 ",4.9 ,2.7 
2017,남녀전체,C16,위,"30,082 ",58.7 ,33.7 
2017,남녀전체,C18-C20,대장,"28,596 ",55.8 ,31.3 
2017,남녀전체,C22,간,"15,670 ",30.6 ,17.3 
2017,남녀전체,C23-C24,담낭 및 기타담도,"6,919 ",13.5 ,6.7 
2017,남녀전체,C25,췌장,"7,136 ",13.9 ,7.4 
2017,남녀전체,C32,후두,"1,238 ",2.4 ,1.3 
2017,남녀전체,C33-C34,폐,"27,464 ",53.6 ,28.0 
2017,남녀전체,C50,유방,"22,641 ",44.2 ,31.9 
2017,남녀전체,C53,자궁경부,"3,517 ",6.9 ,5.3 
2017,남녀전체,C54,자궁체부,"3,008 ",5.9 ,4.1 
2017,남녀전체,C56,난소,"2,749 ",5.4 ,3.8 
2017,남녀전체,C61,전립선,"13,029 ",25.4 ,13.1 
2017,남녀전체,C62,고환,263 ,0.5 ,0.6 
2017,남녀전체,C64,신장,"5,411 ",10.6 ,6.8 
2017,남녀전체,C67,방광,"4,471 ",8.7 ,4.5 
2017,남녀전체,C70-C72,뇌 및 중추신경계,"1,984 ",3.9 ,3.0 
2017,남녀전체,C73,갑상선,"26,751 ",52.2 ,45.5 
2017,남녀전체,C81,호지킨림프종,289 ,0.6 ,0.5 
2017,남녀전체,"C82-C86,C96",비호지킨림프종,"4,819 ",9.4 ,6.3 
2017,남녀전체,C90,다발성 골수종,"1,645 ",3.2 ,1.7 
2017,남녀전체,C91-C95,백혈병,"3,397 ",6.6 ,5.1 
2017,남녀전체,Re.C00-C96,기타 암,"18,841 ",36.8 ,22.0 
2017,남자,C00-C96,모든암,"124,343 ",486.2 ,306.7 
2017,남자,C00-C14,"입술, 구강 및 인두","2,677 ",10.5 ,6.8 
2017,남자,C15,식도,"2,278 ",8.9 ,5.2 
2017,남자,C16,위,"20,196 ",79.0 ,48.2 
2017,남자,C18-C20,대장,"16,943 ",66.2 ,40.7 
2017,남자,C22,간,"11,693 ",45.7 ,28.1 
2017,남자,C23-C24,담낭 및 기타담도,"3,596 ",14.1 ,8.2 
2017,남자,C25,췌장,"3,772 ",14.7 ,8.9 
2017,남자,C32,후두,"1,159 ",4.5 ,2.7 
2017,남자,C33-C34,폐,"18,962 ",74.1 ,43.4 
2017,남자,C50,유방,97 ,0.4 ,0.2 
2017,남자,C53,자궁경부,0 ,0.0 ,
2017,남자,C54,자궁체부,0 ,0.0 ,
2017,남자,C56,난소,0 ,0.0 ,
2017,남자,C61,전립선,"13,029 ",50.9 ,29.5 
2017,남자,C62,고환,263 ,1.0 ,1.2 
2017,남자,C64,신장,"3,693 ",14.4 ,9.8 
2017,남자,C67,방광,"3,598 ",14.1 ,8.3 
2017,남자,C70-C72,뇌 및 중추신경계,"1,054 ",4.1 ,3.2 
2017,남자,C73,갑상선,"6,149 ",24.0 ,21.2 
2017,남자,C81,호지킨림프종,172 ,0.7 ,0.6 
2017,남자,"C82-C86,C96",비호지킨림프종,"2,740 ",10.7 ,7.7 
2017,남자,C90,다발성 골수종,865 ,3.4 ,2.0 
2017,남자,C91-C95,백혈병,"1,938 ",7.6 ,6.2 
2017,남자,Re.C00-C96,기타 암,"9,469 ",37.0 ,24.6 
2017,여자,C00-C96,모든암,"111,847 ",436.0 ,283.6 
2017,여자,C00-C14,"입술, 구강 및 인두","1,066 ",4.2 ,2.7 
2017,여자,C15,식도,249 ,1.0 ,0.5 
2017,여자,C16,위,"9,886 ",38.5 ,21.3 
2017,여자,C18-C20,대장,"11,653 ",45.4 ,23.4 
2017,여자,C22,간,"3,977 ",15.5 ,7.6 
2017,여자,C23-C24,담낭 및 기타담도,"3,323 ",13.0 ,5.6 
2017,여자,C25,췌장,"3,364 ",13.1 ,6.2 
2017,여자,C32,후두,79 ,0.3 ,0.2 
2017,여자,C33-C34,폐,"8,502 ",33.1 ,16.1 
2017,여자,C50,유방,"22,544 ",87.9 ,63.6 
2017,여자,C53,자궁경부,"3,517 ",13.7 ,10.6 
2017,여자,C54,자궁체부,"3,008 ",11.7 ,8.2 
2017,여자,C56,난소,"2,749 ",10.7 ,7.5 
2017,여자,C61,전립선,0 ,0.0 ,
2017,여자,C62,고환,0 ,0.0 ,
2017,여자,C64,신장,"1,718 ",6.7 ,4.1 
2017,여자,C67,방광,873 ,3.4 ,1.5 
2017,여자,C70-C72,뇌 및 중추신경계,930 ,3.6 ,2.8 
2017,여자,C73,갑상선,"20,602 ",80.3 ,70.4 
2017,여자,C81,호지킨림프종,117 ,0.5 ,0.5 
2017,여자,"C82-C86,C96",비호지킨림프종,"2,079 ",8.1 ,5.2 
2017,여자,C90,다발성 골수종,780 ,3.0 ,1.5 
2017,여자,C91-C95,백혈병,"1,459 ",5.7 ,4.2 
2017,여자,Re.C00-C96,기타 암,"9,372 ",36.5 ,19.9 
2018,남녀전체,C00-C96,모든암,"245,874 ",479.3 ,292.4 
2018,남녀전체,C00-C14,"입술, 구강 및 인두","3,843 ",7.5 ,4.6 
2018,남녀전체,C15,식도,"2,708 ",5.3 ,2.7 
2018,남녀전체,C16,위,"29,408 ",57.3 ,31.7 
2018,남녀전체,C18-C20,대장,"28,186 ",54.9 ,29.9 
2018,남녀전체,C22,간,"15,834 ",30.9 ,16.8 
2018,남녀전체,C23-C24,담낭 및 기타담도,"7,235 ",14.1 ,6.7 
2018,남녀전체,C25,췌장,"7,674 ",15.0 ,7.7 
2018,남녀전체,C32,후두,"1,153 ",2.2 ,1.2 
2018,남녀전체,C33-C34,폐,"28,891 ",56.3 ,28.3 
2018,남녀전체,C50,유방,"23,723 ",46.2 ,33.0 
2018,남녀전체,C53,자궁경부,"3,524 ",6.9 ,5.3 
2018,남녀전체,C54,자궁체부,"3,197 ",6.2 ,4.3 
2018,남녀전체,C56,난소,"2,939 ",5.7 ,4.0 
2018,남녀전체,C61,전립선,"14,983 ",29.2 ,14.4 
2018,남녀전체,C62,고환,336 ,0.7 ,0.8 
2018,남녀전체,C64,신장,"5,501 ",10.7 ,6.8 
2018,남녀전체,C67,방광,"4,634 ",9.0 ,4.5 
2018,남녀전체,C70-C72,뇌 및 중추신경계,"2,037 ",4.0 ,3.0 
2018,남녀전체,C73,갑상선,"28,961 ",56.5 ,49.4 
2018,남녀전체,C81,호지킨림프종,301 ,0.6 ,0.5 
2018,남녀전체,"C82-C86,C96",비호지킨림프종,"5,244 ",10.2 ,6.7 
2018,남녀전체,C90,다발성 골수종,"1,731 ",3.4 ,1.8 
2018,남녀전체,C91-C95,백혈병,"3,520 ",6.9 ,5.3 
2018,남녀전체,Re.C00-C96,기타 암,"20,311 ",39.6 ,23.0 
2018,남자,C00-C96,모든암,"129,824 ",507.1 ,308.7 
2018,남자,C00-C14,"입술, 구강 및 인두","2,766 ",10.8 ,6.7 
2018,남자,C15,식도,"2,458 ",9.6 ,5.4 
2018,남자,C16,위,"19,950 ",77.9 ,45.7 
2018,남자,C18-C20,대장,"16,846 ",65.8 ,39.0 
2018,남자,C22,간,"11,794 ",46.1 ,27.2 
2018,남자,C23-C24,담낭 및 기타담도,"3,865 ",15.1 ,8.4 
2018,남자,C25,췌장,"4,047 ",15.8 ,9.1 
2018,남자,C32,후두,"1,090 ",4.3 ,2.4 
2018,남자,C33-C34,폐,"19,700 ",76.9 ,42.9 
2018,남자,C50,유방,101 ,0.4 ,0.2 
2018,남자,C53,자궁경부,0 ,0.0 ,
2018,남자,C54,자궁체부,0 ,0.0 ,
2018,남자,C56,난소,0 ,0.0 ,
2018,남자,C61,전립선,"14,983 ",58.5 ,32.2 
2018,남자,C62,고환,336 ,1.3 ,1.6 
2018,남자,C64,신장,"3,839 ",15.0 ,9.9 
2018,남자,C67,방광,"3,699 ",14.4 ,8.1 
2018,남자,C70-C72,뇌 및 중추신경계,"1,089 ",4.3 ,3.3 
2018,남자,C73,갑상선,"6,802 ",26.6 ,23.4 
2018,남자,C81,호지킨림프종,183 ,0.7 ,0.6 
2018,남자,"C82-C86,C96",비호지킨림프종,"3,015 ",11.8 ,8.3 
2018,남자,C90,다발성 골수종,934 ,3.6 ,2.1 
2018,남자,C91-C95,백혈병,"2,055 ",8.0 ,6.4 
2018,남자,Re.C00-C96,기타 암,"10,272 ",40.1 ,25.7 
2018,여자,C00-C96,모든암,"116,050 ",451.6 ,290.8 
2018,여자,C00-C14,"입술, 구강 및 인두","1,077 ",4.2 ,2.6 
2018,여자,C15,식도,250 ,1.0 ,0.5 
2018,여자,C16,위,"9,458 ",36.8 ,19.7 
2018,여자,C18-C20,대장,"11,340 ",44.1 ,22.0 
2018,여자,C22,간,"4,040 ",15.7 ,7.4 
2018,여자,C23-C24,담낭 및 기타담도,"3,370 ",13.1 ,5.4 
2018,여자,C25,췌장,"3,627 ",14.1 ,6.5 
2018,여자,C32,후두,63 ,0.2 ,0.1 
2018,여자,C33-C34,폐,"9,191 ",35.8 ,16.9 
2018,여자,C50,유방,"23,622 ",91.9 ,65.8 
2018,여자,C53,자궁경부,"3,524 ",13.7 ,10.6 
2018,여자,C54,자궁체부,"3,197 ",12.4 ,8.5 
2018,여자,C56,난소,"2,939 ",11.4 ,7.9 
2018,여자,C61,전립선,0 ,0.0 ,
2018,여자,C62,고환,0 ,0.0 ,
2018,여자,C64,신장,"1,662 ",6.5 ,3.8 
2018,여자,C67,방광,935 ,3.6 ,1.6 
2018,여자,C70-C72,뇌 및 중추신경계,948 ,3.7 ,2.7 
2018,여자,C73,갑상선,"22,159 ",86.2 ,76.3 
2018,여자,C81,호지킨림프종,118 ,0.5 ,0.4 
2018,여자,"C82-C86,C96",비호지킨림프종,"2,229 ",8.7 ,5.3 
2018,여자,C90,다발성 골수종,797 ,3.1 ,1.5 
2018,여자,C91-C95,백혈병,"1,465 ",5.7 ,4.3 
2018,여자,Re.C00-C96,기타 암,"10,039 ",39.1 ,20.8 
2019,남녀전체,C00-C96,모든암,"254,718 ",496.2 ,295.8 
2019,남녀전체,C00-C14,"입술, 구강 및 인두","3,969 ",7.7 ,4.6 
2019,남녀전체,C15,식도,"2,870 ",5.6 ,2.8 
2019,남녀전체,C16,위,"29,493 ",57.4 ,30.8 
2019,남녀전체,C18-C20,대장,"29,030 ",56.5 ,30.0 
2019,남녀전체,C22,간,"15,605 ",30.4 ,16.1 
2019,남녀전체,C23-C24,담낭 및 기타담도,"7,383 ",14.4 ,6.6 
2019,남녀전체,C25,췌장,"8,099 ",15.8 ,7.8 
2019,남녀전체,C32,후두,"1,222 ",2.4 ,1.2 
2019,남녀전체,C33-C34,폐,"29,960 ",58.4 ,28.2 
2019,남녀전체,C50,유방,"24,933 ",48.6 ,34.3 
2019,남녀전체,C53,자궁경부,"3,273 ",6.4 ,4.8 
2019,남녀전체,C54,자궁체부,"3,287 ",6.4 ,4.4 
2019,남녀전체,C56,난소,"2,888 ",5.6 ,3.8 
2019,남녀전체,C61,전립선,"16,803 ",32.7 ,15.5 
2019,남녀전체,C62,고환,325 ,0.6 ,0.8 
2019,남녀전체,C64,신장,"6,026 ",11.7 ,7.4 
2019,남녀전체,C67,방광,"4,895 ",9.5 ,4.5 
2019,남녀전체,C70-C72,뇌 및 중추신경계,"1,981 ",3.9 ,2.9 
2019,남녀전체,C73,갑상선,"30,676 ",59.8 ,52.3 
2019,남녀전체,C81,호지킨림프종,308 ,0.6 ,0.6 
2019,남녀전체,"C82-C86,C96",비호지킨림프종,"5,388 ",10.5 ,6.6 
2019,남녀전체,C90,다발성 골수종,"1,831 ",3.6 ,1.8 
2019,남녀전체,C91-C95,백혈병,"3,738 ",7.3 ,5.5 
2019,남녀전체,Re.C00-C96,기타 암,"20,735 ",40.4 ,22.7 
2019,남자,C00-C96,모든암,"134,180 ",523.9 ,308.1 
2019,남자,C00-C14,"입술, 구강 및 인두","2,863 ",11.2 ,6.8 
2019,남자,C15,식도,"2,573 ",10.0 ,5.4 
2019,남자,C16,위,"19,761 ",77.2 ,43.5 
2019,남자,C18-C20,대장,"17,119 ",66.8 ,38.4 
2019,남자,C22,간,"11,541 ",45.1 ,25.7 
2019,남자,C23-C24,담낭 및 기타담도,"3,896 ",15.2 ,8.1 
2019,남자,C25,췌장,"4,150 ",16.2 ,9.0 
2019,남자,C32,후두,"1,154 ",4.5 ,2.4 
2019,남자,C33-C34,폐,"20,331 ",79.4 ,42.3 
2019,남자,C50,유방,113 ,0.4 ,0.3 
2019,남자,C53,자궁경부,0 ,0.0 ,
2019,남자,C54,자궁체부,0 ,0.0 ,
2019,남자,C56,난소,0 ,0.0 ,
2019,남자,C61,전립선,"16,803 ",65.6 ,34.4 
2019,남자,C62,고환,325 ,1.3 ,1.5 
2019,남자,C64,신장,"4,155 ",16.2 ,10.6 
2019,남자,C67,방광,"3,984 ",15.6 ,8.3 
2019,남자,C70-C72,뇌 및 중추신경계,"1,070 ",4.2 ,3.2 
2019,남자,C73,갑상선,"7,516 ",29.3 ,25.9 
2019,남자,C81,호지킨림프종,181 ,0.7 ,0.6 
2019,남자,"C82-C86,C96",비호지킨림프종,"3,117 ",12.2 ,8.1 
2019,남자,C90,다발성 골수종,997 ,3.9 ,2.2 
2019,남자,C91-C95,백혈병,"2,108 ",8.2 ,6.5 
2019,남자,Re.C00-C96,기타 암,"10,423 ",40.7 ,25.1 
2019,여자,C00-C96,모든암,"120,538 ",468.5 ,297.4 
2019,여자,C00-C14,"입술, 구강 및 인두","1,106 ",4.3 ,2.6 
2019,여자,C15,식도,297 ,1.2 ,0.6 
2019,여자,C16,위,"9,732 ",37.8 ,19.7 
2019,여자,C18-C20,대장,"11,911 ",46.3 ,22.5 
2019,여자,C22,간,"4,064 ",15.8 ,7.3 
2019,여자,C23-C24,담낭 및 기타담도,"3,487 ",13.6 ,5.4 
2019,여자,C25,췌장,"3,949 ",15.3 ,6.8 
2019,여자,C32,후두,68 ,0.3 ,0.1 
2019,여자,C33-C34,폐,"9,629 ",37.4 ,17.4 
2019,여자,C50,유방,"24,820 ",96.5 ,68.5 
2019,여자,C53,자궁경부,"3,273 ",12.7 ,9.5 
2019,여자,C54,자궁체부,"3,287 ",12.8 ,8.8 
2019,여자,C56,난소,"2,888 ",11.2 ,7.6 
2019,여자,C61,전립선,0 ,0.0 ,
2019,여자,C62,고환,0 ,0.0 ,
2019,여자,C64,신장,"1,871 ",7.3 ,4.3 
2019,여자,C67,방광,911 ,3.5 ,1.5 
2019,여자,C70-C72,뇌 및 중추신경계,911 ,3.5 ,2.5 
2019,여자,C73,갑상선,"23,160 ",90.0 ,79.6 
2019,여자,C81,호지킨림프종,127 ,0.5 ,0.5 
2019,여자,"C82-C86,C96",비호지킨림프종,"2,271 ",8.8 ,5.2 
2019,여자,C90,다발성 골수종,834 ,3.2 ,1.5 
2019,여자,C91-C95,백혈병,"1,630 ",6.3 ,4.6 
2019,여자,Re.C00-C96,기타 암,"10,312 ",40.1 ,20.8 
